./lazbuild --lazarusdir=. --cpu=x86_64 --os=linux --ws=gtk2 --build-ide-minimal --pkg-release
Hint: (lazbuild) Opt: "pcp=/home/mattias/pascal/wichtig/lazarus/config"
Hint: (lazarus) SetPrimaryConfigPath NewValue="/home/mattias/pascal/wichtig/lazarus/config"
Hint: (lazbuild) Primary config path: "/home/mattias/pascal/wichtig/lazarus/config"
Hint: (lazarus) [TBuildManager.SetBuildTarget] Old=x86_64-linux--gtk3 New=x86_64-linux--gtk2 Changed: OS/CPU=True LCL=True
Hint: (lazbuild) Building MINIMAL Lazarus IDE with defaults
Hint: (lazarus) [TBuildManager.SetBuildTarget] Old=x86_64-linux--gtk2 New=x86_64-linux--gtk2 Changed: OS/CPU=True LCL=False
Hint: (lazarus) Compiler params changed for FCL 1.0.1
  Old="-MObjFPC -Scghi -Cg -O1 -g -gl -Fu. -FU../units/x86_64-linux -Crit -gw2 -gl -gh -dEnableCodyExperiments -dEnableFPDocSearch -dEnableCheckInterPkgFiles fcllaz.pas"
  Now="-MObjFPC -Scghi -Cg -O1 -g -gl -Fu. -FU../units/x86_64-linux fcllaz.pas"
  State file="/home/mattias/pascal/wichtig/lazarus/packager/units/x86_64-linux/fcl.compiled"
Hint: (lazarus) Missing state file of fpdebug 1.0: /home/mattias/pascal/wichtig/lazarus/components/fpdebug/lib/x86_64-linux/fpdebug.compiled
Hint: (lazarus) Missing state file of IdeConfig 1.0: /home/mattias/pascal/wichtig/lazarus/ide/packages/ideconfig/lib/x86_64-linux/ideconfig.compiled
Hint: (lazarus) Missing state file of LazEdit 1.0: /home/mattias/pascal/wichtig/lazarus/components/lazedit/lib/x86_64-linux/lazedit.compiled
Hint: (lazarus) Missing state file of IdePackager 1.0: /home/mattias/pascal/wichtig/lazarus/ide/packages/idepackager/lib/x86_64-linux/idepackager.compiled
Hint: (lazarus) Missing state file of IdeProject 1.0: /home/mattias/pascal/wichtig/lazarus/ide/packages/ideproject/lib/x86_64-linux/ideproject.compiled
Hint: (lazarus) Missing state file of IdeHelpUtils 1.0: /home/mattias/pascal/wichtig/lazarus/ide/packages/idehelputils/lib/x86_64-linux/idehelputils.compiled
Hint: (lazarus) Missing state file of IdeSynEdit 1.0: /home/mattias/pascal/wichtig/lazarus/ide/packages/idesynedit/lib/x86_64-linux/idesynedit.compiled
Info: (lazarus) Execute Title="Compile package FCL 1.0.1"
Info: (lazarus) Working Directory="/home/mattias/pascal/wichtig/lazarus/packager/registration/"
Info: (lazarus) Executable="/usr/lib/fpc/3.2.4/ppcx64"
Info: (lazarus) Param[0]="-MObjFPC"
Info: (lazarus) Param[1]="-Scghi"
Info: (lazarus) Param[2]="-Cg"
Info: (lazarus) Param[3]="-O1"
Info: (lazarus) Param[4]="-g"
Info: (lazarus) Param[5]="-gl"
Info: (lazarus) Param[6]="-l"
Info: (lazarus) Param[7]="-vewnhibq"
Info: (lazarus) Param[8]="-Fu/home/mattias/pascal/wichtig/lazarus/packager/registration/"
Info: (lazarus) Param[9]="-FU/home/mattias/pascal/wichtig/lazarus/packager/units/x86_64-linux/"
Info: (lazarus) Param[10]="fcllaz.pas"
Info: (lazarus) Param[11]="-B"
Hint: (11030) Start of reading config file /home/mattias/.fpc.cfg
Hint: (11030) Start of reading config file /etc/fpc.cfg
Hint: (11031) End of reading config file /etc/fpc.cfg
Hint: (11031) End of reading config file /home/mattias/.fpc.cfg
Free Pascal Compiler version 3.2.4-rc1 [2025/04/09] for x86_64
Copyright (c) 1993-2024 by Florian Klaempfl and others
(1002) Target OS: Linux for x86-64
(3104) Compiling fcllaz.pas
(3104) Compiling lazaruspackageintf.pas
(1008) 197 lines compiled, 0.1 sec
(1022) 4 hint(s) issued
Info: (lazarus) Execute Title="Compile package LazUtils 1.0"
Info: (lazarus) Working Directory="/home/mattias/pascal/wichtig/lazarus/components/lazutils/"
Info: (lazarus) Executable="/usr/lib/fpc/3.2.4/ppcx64"
Info: (lazarus) Param[0]="-MObjFPC"
Info: (lazarus) Param[1]="-Scghi"
Info: (lazarus) Param[2]="-Cg"
Info: (lazarus) Param[3]="-O1"
Info: (lazarus) Param[4]="-g"
Info: (lazarus) Param[5]="-gl"
Info: (lazarus) Param[6]="-l"
Info: (lazarus) Param[7]="-vewnhibq"
Info: (lazarus) Param[8]="-Fu/home/mattias/pascal/wichtig/lazarus/components/lazutils/"
Info: (lazarus) Param[9]="-Fu/home/mattias/pascal/wichtig/lazarus/packager/units/x86_64-linux"
Info: (lazarus) Param[10]="-FU/home/mattias/pascal/wichtig/lazarus/components/lazutils/lib/x86_64-linux/"
Info: (lazarus) Param[11]="lazutils.pas"
Info: (lazarus) Param[12]="-B"
Hint: (11030) Start of reading config file /home/mattias/.fpc.cfg
Hint: (11030) Start of reading config file /etc/fpc.cfg
Hint: (11031) End of reading config file /etc/fpc.cfg
Hint: (11031) End of reading config file /home/mattias/.fpc.cfg
Free Pascal Compiler version 3.2.4-rc1 [2025/04/09] for x86_64
Copyright (c) 1993-2024 by Florian Klaempfl and others
(1002) Target OS: Linux for x86-64
(3104) Compiling lazutils.pas
(3104) Compiling avglvltree.pas
(3104) Compiling lazfileutils.pas
(3104) Compiling lazutf8.pas
(3104) Compiling fpcadds.pas
/home/mattias/pascal/wichtig/lazarus/components/lazutils/lazutf8.pas(748,24) Hint: (5094) Function result variable of a managed type does not seem to be initialized
/home/mattias/pascal/wichtig/lazarus/components/lazutils/lazutf8.pas(1045,24) Hint: (5094) Function result variable of a managed type does not seem to be initialized
/home/mattias/pascal/wichtig/lazarus/components/lazutils/lazutf8.pas(1318,30) Hint: (5091) Local variable "SCodepoint" of a managed type does not seem to be initialized
/home/mattias/pascal/wichtig/lazarus/components/lazutils/lazutf8.pas(136,51) Hint: (5024) Parameter "ALanguage" not used
/home/mattias/pascal/wichtig/lazarus/components/lazutils/lazutf8.pas(1350,29) Hint: (5091) Local variable "Capital" of a managed type does not seem to be initialized
/home/mattias/pascal/wichtig/lazarus/components/lazutils/lazutf8.pas(3307,24) Hint: (5094) Function result variable of a managed type does not seem to be initialized
(3104) Compiling lazutilsstrconsts.pas
(1010) Writing Resource String Table file: lazutilsstrconsts.rsj
/home/mattias/pascal/wichtig/lazarus/components/lazutils/lazfileutils.inc(441,24) Warning: (5044) Symbol "faSysFile" is not portable
/home/mattias/pascal/wichtig/lazarus/components/lazutils/lazfileutils.inc(443,23) Warning: (5044) Symbol "faHidden" is not portable
/home/mattias/pascal/wichtig/lazarus/components/lazutils/lazfileutils.inc(444,25) Warning: (5043) Symbol "faVolumeId" is deprecated
/home/mattias/pascal/wichtig/lazarus/components/lazutils/lazfileutils.inc(444,25) Warning: (5044) Symbol "faVolumeId" is not portable
/home/mattias/pascal/wichtig/lazarus/components/lazutils/lazfileutils.inc(445,24) Warning: (5044) Symbol "faSymLink" is not portable
/home/mattias/pascal/wichtig/lazarus/components/lazutils/unixlazfileutils.inc(57,15) Warning: (5066) Symbol "Time" is deprecated: "use TimeStamp instead"
/home/mattias/pascal/wichtig/lazarus/components/lazutils/unixlazfileutils.inc(62,15) Warning: (5066) Symbol "Time" is deprecated: "use TimeStamp instead"
/home/mattias/pascal/wichtig/lazarus/components/lazutils/unixlazfileutils.inc(82,45) Hint: (5057) Local variable "st" does not seem to be initialized
/home/mattias/pascal/wichtig/lazarus/components/lazutils/unixlazfileutils.inc(271,39) Hint: (5057) Local variable "Info" does not seem to be initialized
/home/mattias/pascal/wichtig/lazarus/components/lazutils/unixlazfileutils.inc(354,32) Hint: (5057) Local variable "FileInfo" does not seem to be initialized
/home/mattias/pascal/wichtig/lazarus/components/lazutils/lazfileutils.pas(177,31) Hint: (5024) Parameter "Path" not used
/home/mattias/pascal/wichtig/lazarus/components/lazutils/lazfileutils.pas(178,38) Hint: (5024) Parameter "Path" not used
/home/mattias/pascal/wichtig/lazarus/components/lazutils/unixlazfileutils.inc(393,37) Hint: (5057) Local variable "info" does not seem to be initialized
/home/mattias/pascal/wichtig/lazarus/components/lazutils/unixlazfileutils.inc(421,38) Hint: (5057) Local variable "info" does not seem to be initialized
/home/mattias/pascal/wichtig/lazarus/components/lazutils/lazfileutils.pas(722,25) Hint: (5091) Local variable "Buf" of a managed type does not seem to be initialized
/home/mattias/pascal/wichtig/lazarus/components/lazutils/lazfileutils.pas(1180,27) Hint: (5091) Local variable "PathStr" of a managed type does not seem to be initialized
(3104) Compiling lazdbglog.pas
(3104) Compiling codepagesasian.pas
(3104) Compiling codepagescommon.pas
(3104) Compiling colortty.pas
(3104) Compiling laztty.pas
(3104) Compiling lazlogger.pas
(3104) Compiling lazloggerbase.pas
(3104) Compiling lazclasses.pas
(3104) Compiling lazmethodlist.pas
/home/mattias/pascal/wichtig/lazarus/components/lazutils/LazLoggerImpl.inc(362,23) Hint: (4055) Conversion between ordinals and pointers is not portable
/home/mattias/pascal/wichtig/lazarus/components/lazutils/LazLoggerImpl.inc(623,19) Hint: (5091) Local variable "s" of a managed type does not seem to be initialized
/home/mattias/pascal/wichtig/lazarus/components/lazutils/lazloggerbase.pas(510,24) Hint: (5094) Function result variable of a managed type does not seem to be initialized
/home/mattias/pascal/wichtig/lazarus/components/lazutils/lazloggerbase.pas(135,36) Hint: (5024) Parameter "AIndex" not used
/home/mattias/pascal/wichtig/lazarus/components/lazutils/lazloggerbase.pas(139,41) Hint: (5024) Parameter "s" not used
/home/mattias/pascal/wichtig/lazarus/components/lazutils/lazloggerbase.pas(139,57) Hint: (5024) Parameter "AGroup" not used
/home/mattias/pascal/wichtig/lazarus/components/lazutils/lazloggerbase.pas(132,35) Hint: (5024) Parameter "LogEnabled" not used
/home/mattias/pascal/wichtig/lazarus/components/lazutils/lazloggerbase.pas(133,35) Hint: (5024) Parameter "LogEnabled" not used
/home/mattias/pascal/wichtig/lazarus/components/lazutils/lazloggerbase.pas(137,29) Hint: (5024) Parameter "s" not used
/home/mattias/pascal/wichtig/lazarus/components/lazutils/lazloggerbase.pas(137,45) Hint: (5024) Parameter "AGroup" not used
/home/mattias/pascal/wichtig/lazarus/components/lazutils/lazloggerbase.pas(138,30) Hint: (5024) Parameter "s" not used
/home/mattias/pascal/wichtig/lazarus/components/lazutils/lazloggerbase.pas(138,46) Hint: (5024) Parameter "AGroup" not used
/home/mattias/pascal/wichtig/lazarus/components/lazutils/lazloggerbase.pas(797,36) Warning: (4104) Implicit string type conversion from "AnsiString" to "WideString"
/home/mattias/pascal/wichtig/lazarus/components/lazutils/lazloggerbase.pas(797,48) Warning: (4105) Implicit string type conversion with potential data loss from "WideString" to "AnsiString"
/home/mattias/pascal/wichtig/lazarus/components/lazutils/lazloggerbase.pas(162,36) Hint: (5024) Parameter "AHandler" not used
/home/mattias/pascal/wichtig/lazarus/components/lazutils/lazloggerbase.pas(163,39) Hint: (5024) Parameter "AHandler" not used
(3104) Compiling lazstringutils.pas
(3104) Compiling laztracer.pas
(3104) Compiling lazutilities.pas
/home/mattias/pascal/wichtig/lazarus/components/lazutils/lazstringutils.pas(1127,26) Hint: (5091) Local variable "Line" of a managed type does not seem to be initialized
/home/mattias/pascal/wichtig/lazarus/components/lazutils/LazLoggerImpl.inc(362,23) Hint: (4055) Conversion between ordinals and pointers is not portable
/home/mattias/pascal/wichtig/lazarus/components/lazutils/LazLoggerImpl.inc(623,19) Hint: (5091) Local variable "s" of a managed type does not seem to be initialized
/home/mattias/pascal/wichtig/lazarus/components/lazutils/lazlogger.pas(167,52) Hint: (5024) Parameter "AGroup" not used
/home/mattias/pascal/wichtig/lazarus/components/lazutils/colortty.pas(85,38) Warning: (6018) unreachable code
/home/mattias/pascal/wichtig/lazarus/components/lazutils/colortty.pas(74,47) Hint: (5024) Parameter "Sender" not used
/home/mattias/pascal/wichtig/lazarus/components/lazutils/colortty.pas(74,81) Hint: (5024) Parameter "LogIndent" not used
/home/mattias/pascal/wichtig/lazarus/components/lazutils/colortty.pas(75,16) Hint: (5024) Parameter "Handled" not used
(3104) Compiling compwriterpas.pas
(3104) Compiling dynamicarray.pas
(3104) Compiling dynhasharray.pp
/home/mattias/pascal/wichtig/lazarus/components/lazutils/dynhasharray.pp(439,31) Hint: (4055) Conversion between ordinals and pointers is not portable
/home/mattias/pascal/wichtig/lazarus/components/lazutils/dynhasharray.pp(439,50) Hint: (4055) Conversion between ordinals and pointers is not portable
/home/mattias/pascal/wichtig/lazarus/components/lazutils/dynhasharray.pp(504,25) Hint: (4055) Conversion between ordinals and pointers is not portable
/home/mattias/pascal/wichtig/lazarus/components/lazutils/dynhasharray.pp(505,18) Hint: (4055) Conversion between ordinals and pointers is not portable
/home/mattias/pascal/wichtig/lazarus/components/lazutils/dynhasharray.pp(505,46) Hint: (4055) Conversion between ordinals and pointers is not portable
/home/mattias/pascal/wichtig/lazarus/components/lazutils/dynhasharray.pp(506,18) Hint: (4055) Conversion between ordinals and pointers is not portable
/home/mattias/pascal/wichtig/lazarus/components/lazutils/dynhasharray.pp(121,40) Hint: (5024) Parameter "Sender" not used
(3104) Compiling dynqueue.pas
/home/mattias/pascal/wichtig/lazarus/components/lazutils/dynqueue.pas(459,39) Hint: (4055) Conversion between ordinals and pointers is not portable
(3104) Compiling extendedstrings.pas
/home/mattias/pascal/wichtig/lazarus/components/lazutils/extendedstrings.pas(47,33) Hint: (5024) Parameter "Index" not used
/home/mattias/pascal/wichtig/lazarus/components/lazutils/extendedstrings.pas(47,45) Hint: (5024) Parameter "OldSize" not used
(3104) Compiling filereferencelist.pas
(3104) Compiling lazfilecache.pas
(3104) Compiling fileutil.pas
(3104) Compiling masks.pas
/home/mattias/pascal/wichtig/lazarus/components/lazutils/masks.pas(238,33) Hint: (5024) Parameter "AChar" not used
/home/mattias/pascal/wichtig/lazarus/components/lazutils/fileutil.inc(59,25) Hint: (5091) Local variable "File1" of a managed type does not seem to be initialized
/home/mattias/pascal/wichtig/lazarus/components/lazutils/fileutil.inc(61,25) Hint: (5091) Local variable "File2" of a managed type does not seem to be initialized
/home/mattias/pascal/wichtig/lazarus/components/lazutils/fileutil.inc(104,71) Warning: (5044) Symbol "faSymLink" is not portable
/home/mattias/pascal/wichtig/lazarus/components/lazutils/fileutil.inc(120,64) Warning: (5044) Symbol "faSymLink" is not portable
(3104) Compiling graphmath.pp
(3104) Compiling graphtype.pp
/home/mattias/pascal/wichtig/lazarus/components/lazutils/graphtype.pp(1565,23) Hint: (5057) Local variable "R" does not seem to be initialized
/home/mattias/pascal/wichtig/lazarus/components/lazutils/graphtype.pp(1690,52) Hint: (4080) Converting the operands to "Int64" before doing the subtract could prevent overflow errors.
/home/mattias/pascal/wichtig/lazarus/components/lazutils/graphmath.pp(522,69) Hint: (5057) Local variable "B" does not seem to be initialized
/home/mattias/pascal/wichtig/lazarus/components/lazutils/graphmath.pp(636,41) Hint: (5057) Local variable "Right" does not seem to be initialized
/home/mattias/pascal/wichtig/lazarus/components/lazutils/graphmath.pp(636,30) Hint: (5057) Local variable "Left" does not seem to be initialized
/home/mattias/pascal/wichtig/lazarus/components/lazutils/graphmath.pp(703,67) Hint: (5057) Local variable "B" does not seem to be initialized
/home/mattias/pascal/wichtig/lazarus/components/lazutils/graphmath.pp(992,24) Warning: (5093) function result variable of a managed type does not seem to be initialized
(3104) Compiling html2textrender.pas
(3104) Compiling lconvencoding.pas
/home/mattias/pascal/wichtig/lazarus/components/lazutils/asiancodepagefunctions.inc(193,26) Hint: (4055) Conversion between ordinals and pointers is not portable
/home/mattias/pascal/wichtig/lazarus/components/lazutils/asiancodepagefunctions.inc(348,26) Hint: (4055) Conversion between ordinals and pointers is not portable
/home/mattias/pascal/wichtig/lazarus/components/lazutils/lconvencoding.pas(554,25) Hint: (4055) Conversion between ordinals and pointers is not portable
/home/mattias/pascal/wichtig/lazarus/components/lazutils/lconvencoding.pas(587,13) Hint: (4055) Conversion between ordinals and pointers is not portable
/home/mattias/pascal/wichtig/lazarus/components/lazutils/lconvencoding.pas(623,13) Hint: (4055) Conversion between ordinals and pointers is not portable
/home/mattias/pascal/wichtig/lazarus/components/lazutils/lconvencoding.pas(2770,13) Hint: (4055) Conversion between ordinals and pointers is not portable
/home/mattias/pascal/wichtig/lazarus/components/lazutils/lconvencoding.pas(2807,13) Hint: (4055) Conversion between ordinals and pointers is not portable
/home/mattias/pascal/wichtig/lazarus/components/lazutils/html2textrender.pas(120,19) Hint: (5091) Local variable "s" of a managed type does not seem to be initialized
(3104) Compiling integerlist.pas
(3104) Compiling laz2_dom.pas
(3104) Compiling laz2_xmlutils.pas
/home/mattias/pascal/wichtig/lazarus/components/lazutils/laz2_xmlutils.pas(552,24) Hint: (5091) Local variable "NewS" of a managed type does not seem to be initialized
/home/mattias/pascal/wichtig/lazarus/components/lazutils/laz2_dom.pas(235,39) Hint: (5024) Parameter "AValue" not used
/home/mattias/pascal/wichtig/lazarus/components/lazutils/laz2_dom.pas(278,32) Hint: (5024) Parameter "NewChild" not used
/home/mattias/pascal/wichtig/lazarus/components/lazutils/laz2_dom.pas(278,47) Hint: (5024) Parameter "RefChild" not used
/home/mattias/pascal/wichtig/lazarus/components/lazutils/laz2_dom.pas(279,32) Hint: (5024) Parameter "NewChild" not used
/home/mattias/pascal/wichtig/lazarus/components/lazutils/laz2_dom.pas(279,47) Hint: (5024) Parameter "OldChild" not used
/home/mattias/pascal/wichtig/lazarus/components/lazutils/laz2_dom.pas(280,31) Hint: (5024) Parameter "OldChild" not used
/home/mattias/pascal/wichtig/lazarus/components/lazutils/laz2_dom.pas(301,29) Hint: (5024) Parameter "deep" not used
/home/mattias/pascal/wichtig/lazarus/components/lazutils/laz2_dom.pas(301,49) Hint: (5024) Parameter "ACloneOwner" not used
/home/mattias/pascal/wichtig/lazarus/components/lazutils/laz2_dom.pas(302,34) Hint: (5024) Parameter "ANodeName" not used
/home/mattias/pascal/wichtig/lazarus/components/lazutils/laz2_dom.pas(246,36) Hint: (5024) Parameter "Value" not used
/home/mattias/pascal/wichtig/lazarus/components/lazutils/laz2_dom.pas(350,30) Hint: (5024) Parameter "aNode" not used
/home/mattias/pascal/wichtig/lazarus/components/lazutils/laz2_dom.pas(405,40) Hint: (5024) Parameter "namespaceURI" not used
/home/mattias/pascal/wichtig/lazarus/components/lazutils/laz2_dom.pas(405,59) Hint: (5024) Parameter "localName" not used
/home/mattias/pascal/wichtig/lazarus/components/lazutils/laz2_dom.pas(407,43) Hint: (5024) Parameter "namespaceURI" not used
/home/mattias/pascal/wichtig/lazarus/components/lazutils/laz2_dom.pas(407,61) Hint: (5024) Parameter "localName" not used
/home/mattias/pascal/wichtig/lazarus/components/lazutils/laz2_dom.pas(492,41) Hint: (5024) Parameter "value" not used
/home/mattias/pascal/wichtig/lazarus/components/lazutils/laz2_dom.pas(513,44) Hint: (5024) Parameter "data" not used
/home/mattias/pascal/wichtig/lazarus/components/lazutils/laz2_dom.pas(515,53) Hint: (5024) Parameter "target" not used
/home/mattias/pascal/wichtig/lazarus/components/lazutils/laz2_dom.pas(515,66) Hint: (5024) Parameter "data" not used
/home/mattias/pascal/wichtig/lazarus/components/lazutils/laz2_dom.pas(520,47) Hint: (5024) Parameter "name" not used
/home/mattias/pascal/wichtig/lazarus/components/lazutils/laz2_dom.pas(605,29) Hint: (5024) Parameter "deep" not used
/home/mattias/pascal/wichtig/lazarus/components/lazutils/laz2_dom.pas(3229,24) Hint: (5094) Function result variable of a managed type does not seem to be initialized
/home/mattias/pascal/wichtig/lazarus/components/lazutils/laz2_dom.pas(3242,24) Hint: (5094) Function result variable of a managed type does not seem to be initialized
/home/mattias/pascal/wichtig/lazarus/components/lazutils/laz2_dom.pas(669,30) Hint: (5024) Parameter "deep" not used
/home/mattias/pascal/wichtig/lazarus/components/lazutils/laz2_dom.pas(684,29) Hint: (5024) Parameter "deep" not used
/home/mattias/pascal/wichtig/lazarus/components/lazutils/laz2_dom.pas(697,29) Hint: (5024) Parameter "deep" not used
/home/mattias/pascal/wichtig/lazarus/components/lazutils/laz2_dom.pas(739,29) Hint: (5024) Parameter "deep" not used
/home/mattias/pascal/wichtig/lazarus/components/lazutils/laz2_dom.pas(773,29) Hint: (5024) Parameter "deep" not used
/home/mattias/pascal/wichtig/lazarus/components/lazutils/laz2_dom.pas(791,29) Hint: (5024) Parameter "deep" not used
(3104) Compiling laz2_xmlcfg.pas
(3104) Compiling laz2_xmlread.pas
/home/mattias/pascal/wichtig/lazarus/components/lazutils/laz2_xmlread.pas(582,27) Hint: (5024) Parameter "Context" not used
/home/mattias/pascal/wichtig/lazarus/components/lazutils/laz2_xmlread.pas(613,35) Hint: (5024) Parameter "Context" not used
/home/mattias/pascal/wichtig/lazarus/components/lazutils/laz2_xmlread.pas(651,28) Hint: (5024) Parameter "Context" not used
/home/mattias/pascal/wichtig/lazarus/components/lazutils/laz2_xmlread.pas(702,27) Hint: (5024) Parameter "Context" not used
/home/mattias/pascal/wichtig/lazarus/components/lazutils/laz2_xmlread.pas(234,37) Hint: (5024) Parameter "AEncoding" not used
/home/mattias/pascal/wichtig/lazarus/components/lazutils/laz2_xmlread.pas(232,36) Hint: (5024) Parameter "AllowSpecialChars" not used
/home/mattias/pascal/wichtig/lazarus/components/lazutils/laz2_xmlread.pas(1238,27) Hint: (5057) Local variable "NewDecoder" does not seem to be initialized
/home/mattias/pascal/wichtig/lazarus/components/lazutils/laz2_xmlread.pas(464,49) Hint: (5024) Parameter "PublicID" not used
/home/mattias/pascal/wichtig/lazarus/components/lazutils/laz2_xmlread.pas(201,22) Hint: (5028) Local type "DOMPCharBuf" is not used
(3104) Compiling laz2_xmlwrite.pas
/home/mattias/pascal/wichtig/lazarus/components/lazutils/laz2_xmlcfg.pas(812,29) Warning: (4105) Implicit string type conversion with potential data loss from "WideChar" to "AnsiString"
/home/mattias/pascal/wichtig/lazarus/components/lazutils/laz2_xmlcfg.pas(1200,75) Hint: (5091) Local variable "Ident" of a managed type does not seem to be initialized
(3104) Compiling laz2_xpath.pas
/home/mattias/pascal/wichtig/lazarus/components/lazutils/laz2_xpath.pas(646,30) Hint: (5094) Function result variable of a managed type does not seem to be initialized
/home/mattias/pascal/wichtig/lazarus/components/lazutils/laz2_xpath.pas(103,28) Hint: (5024) Parameter "AContext" not used
/home/mattias/pascal/wichtig/lazarus/components/lazutils/laz2_xpath.pas(104,13) Hint: (5024) Parameter "AEnvironment" not used
/home/mattias/pascal/wichtig/lazarus/components/lazutils/laz2_xpath.pas(113,28) Hint: (5024) Parameter "AContext" not used
/home/mattias/pascal/wichtig/lazarus/components/lazutils/laz2_xpath.pas(403,27) Hint: (5024) Parameter "Context" not used
/home/mattias/pascal/wichtig/lazarus/components/lazutils/laz2_xpath.pas(2641,19) Hint: (5091) Local variable "s" of a managed type does not seem to be initialized
/home/mattias/pascal/wichtig/lazarus/components/lazutils/laz2_xpath.pas(409,28) Hint: (5024) Parameter "Context" not used
/home/mattias/pascal/wichtig/lazarus/components/lazutils/laz2_xpath.pas(410,32) Hint: (5024) Parameter "Context" not used
/home/mattias/pascal/wichtig/lazarus/components/lazutils/laz2_xpath.pas(411,30) Hint: (5024) Parameter "Context" not used
/home/mattias/pascal/wichtig/lazarus/components/lazutils/laz2_xpath.pas(412,37) Hint: (5024) Parameter "Context" not used
/home/mattias/pascal/wichtig/lazarus/components/lazutils/laz2_xpath.pas(413,36) Hint: (5024) Parameter "Context" not used
/home/mattias/pascal/wichtig/lazarus/components/lazutils/laz2_xpath.pas(414,31) Hint: (5024) Parameter "Context" not used
/home/mattias/pascal/wichtig/lazarus/components/lazutils/laz2_xpath.pas(417,31) Hint: (5024) Parameter "Context" not used
/home/mattias/pascal/wichtig/lazarus/components/lazutils/laz2_xpath.pas(418,29) Hint: (5024) Parameter "Context" not used
/home/mattias/pascal/wichtig/lazarus/components/lazutils/laz2_xpath.pas(419,25) Hint: (5024) Parameter "Context" not used
/home/mattias/pascal/wichtig/lazarus/components/lazutils/laz2_xpath.pas(420,26) Hint: (5024) Parameter "Context" not used
/home/mattias/pascal/wichtig/lazarus/components/lazutils/laz2_xpath.pas(421,27) Hint: (5024) Parameter "Context" not used
/home/mattias/pascal/wichtig/lazarus/components/lazutils/laz2_xpath.pas(424,25) Hint: (5024) Parameter "Context" not used
/home/mattias/pascal/wichtig/lazarus/components/lazutils/laz2_xpath.pas(425,27) Hint: (5024) Parameter "Context" not used
/home/mattias/pascal/wichtig/lazarus/components/lazutils/laz2_xpath.pas(426,29) Hint: (5024) Parameter "Context" not used
/home/mattias/pascal/wichtig/lazarus/components/lazutils/laz2_xpath.pas(427,27) Hint: (5024) Parameter "Context" not used
(3104) Compiling laz_dom.pas
(3104) Compiling laz_xmlcfg.pas
(3104) Compiling laz_xmlread.pas
(3104) Compiling laz_xmlstreaming.pas
/home/mattias/pascal/wichtig/lazarus/components/lazutils/laz_xmlstreaming.pas(287,30) Hint: (5091) Local variable "NodeName" of a managed type does not seem to be initialized
/home/mattias/pascal/wichtig/lazarus/components/lazutils/laz_xmlstreaming.pas(396,19) Hint: (5091) Local variable "s" of a managed type does not seem to be initialized
/home/mattias/pascal/wichtig/lazarus/components/lazutils/laz_xmlstreaming.pas(94,32) Hint: (5024) Parameter "Buffer" not used
/home/mattias/pascal/wichtig/lazarus/components/lazutils/laz_xmlstreaming.pas(843,30) Hint: (5091) Local variable "NodeName" of a managed type does not seem to be initialized
/home/mattias/pascal/wichtig/lazarus/components/lazutils/laz_xmlstreaming.pas(146,29) Hint: (5024) Parameter "Buf" not used
(3104) Compiling laz_xmlwrite.pas
(3104) Compiling lazcollections.pas
(3104) Compiling lazsysutils.pas
/home/mattias/pascal/wichtig/lazarus/components/lazutils/lazcollections.pas(248,25) Hint: (5091) Local variable "NewList" of a managed type does not seem to be initialized
(3104) Compiling lazconfigstorage.pas
/home/mattias/pascal/wichtig/lazarus/components/lazutils/lazconfigstorage.pas(407,77) Hint: (5091) Local variable "Ident" of a managed type does not seem to be initialized
/home/mattias/pascal/wichtig/lazarus/components/lazutils/lazconfigstorage.pas(52,35) Hint: (5024) Parameter "Filename" not used
/home/mattias/pascal/wichtig/lazarus/components/lazutils/lazconfigstorage.pas(52,58) Hint: (5024) Parameter "LoadFromDisk" not used
(3104) Compiling lazfglhash.pas
(3104) Compiling lazlinkedlist.pas
(3104) Compiling lazlistclasses.pas
(3104) Compiling lazlistclassesbase.pas
/home/mattias/pascal/wichtig/lazarus/components/lazutils/lazlistclassesbase.pas(58,40) Hint: (5024) Parameter "AMem" not used
/home/mattias/pascal/wichtig/lazarus/components/lazutils/lazlistclassesbase.pas(58,66) Hint: (5024) Parameter "AnItemCount" not used
/home/mattias/pascal/wichtig/lazarus/components/lazutils/lazlistclassesbase.pas(58,99) Hint: (5024) Parameter "AnItemSize" not used
/home/mattias/pascal/wichtig/lazarus/components/lazutils/lazlistclassesbase.pas(64,44) Hint: (5024) Parameter "AMem" not used
/home/mattias/pascal/wichtig/lazarus/components/lazutils/lazlistclassesbase.pas(64,70) Hint: (5024) Parameter "AnItemCount" not used
/home/mattias/pascal/wichtig/lazarus/components/lazutils/lazlistclassesbase.pas(64,103) Hint: (5024) Parameter "AnItemSize" not used
/home/mattias/pascal/wichtig/lazarus/components/lazutils/lazlistclassesbase.pas(72,44) Hint: (5024) Parameter "AMem" not used
/home/mattias/pascal/wichtig/lazarus/components/lazutils/lazlistclassesbase.pas(72,70) Hint: (5024) Parameter "AnItemCount" not used
/home/mattias/pascal/wichtig/lazarus/components/lazutils/lazlistclassesbase.pas(72,103) Hint: (5024) Parameter "AnItemSize" not used
/home/mattias/pascal/wichtig/lazarus/components/lazutils/lazlistclassesbase.pas(90,55) Hint: (5024) Parameter "ACurrent" not used
/home/mattias/pascal/wichtig/lazarus/components/lazutils/lazlistclassesbase.pas(91,57) Hint: (5024) Parameter "ACurrent" not used
/home/mattias/pascal/wichtig/lazarus/components/lazutils/lazlistclassesbase.pas(327,18) Hint: (4055) Conversion between ordinals and pointers is not portable
/home/mattias/pascal/wichtig/lazarus/components/lazutils/lazlistclasses.pas(173,44) Hint: (5024) Parameter "AMem" not used
/home/mattias/pascal/wichtig/lazarus/components/lazutils/lazlistclasses.pas(173,70) Hint: (5024) Parameter "AnItemCount" not used
/home/mattias/pascal/wichtig/lazarus/components/lazutils/lazlistclasses.pas(173,103) Hint: (5024) Parameter "AnItemSize" not used
/home/mattias/pascal/wichtig/lazarus/components/lazutils/lazlistclasses.pas(197,55) Hint: (5024) Parameter "ACurrent" not used
/home/mattias/pascal/wichtig/lazarus/components/lazutils/lazlistclasses.pas(219,41) Hint: (5024) Parameter "ARequired" not used
/home/mattias/pascal/wichtig/lazarus/components/lazutils/lazlistclasses.pas(219,52) Hint: (5024) Parameter "ACurrent" not used
/home/mattias/pascal/wichtig/lazarus/components/lazutils/lazlistclasses.pas(1930,15) Hint: (4055) Conversion between ordinals and pointers is not portable
/home/mattias/pascal/wichtig/lazarus/components/lazutils/lazlistclasses.pas(1930,32) Hint: (4055) Conversion between ordinals and pointers is not portable
/home/mattias/pascal/wichtig/lazarus/components/lazutils/lazlistclasses.pas(1948,17) Hint: (4055) Conversion between ordinals and pointers is not portable
/home/mattias/pascal/wichtig/lazarus/components/lazutils/lazlistclasses.pas(1948,34) Hint: (4055) Conversion between ordinals and pointers is not portable
/home/mattias/pascal/wichtig/lazarus/components/lazutils/lazlistclasses.pas(1963,17) Hint: (4055) Conversion between ordinals and pointers is not portable
/home/mattias/pascal/wichtig/lazarus/components/lazutils/lazlistclasses.pas(1963,34) Hint: (4055) Conversion between ordinals and pointers is not portable
/home/mattias/pascal/wichtig/lazarus/components/lazutils/lazlistclasses.pas(565,25) Hint: (5024) Parameter "APageSizeExp" not used
/home/mattias/pascal/wichtig/lazarus/components/lazutils/lazlistclassesbase.pas(117,53) Hint: (5024) Parameter "AList" not used
/home/mattias/pascal/wichtig/lazarus/components/lazutils/lazlistclassesbase.pas(117,74) Hint: (5024) Parameter "AnIndex" not used
/home/mattias/pascal/wichtig/lazarus/components/lazutils/lazlistclassesbase.pas(117,101) Hint: (5024) Parameter "Res" not used
/home/mattias/pascal/wichtig/lazarus/components/lazutils/lazlistclassesbase.pas(1074,90) Warning: (5059) Function result variable does not seem to be initialized
/home/mattias/pascal/wichtig/lazarus/components/lazutils/lazlistclasses.pas(1159,8) Warning: (5036) Local variable "NewMem" does not seem to be initialized
/home/mattias/pascal/wichtig/lazarus/components/lazutils/lazlistclassesbase.pas(118,54) Hint: (5024) Parameter "AList" not used
/home/mattias/pascal/wichtig/lazarus/components/lazutils/lazlistclassesbase.pas(118,73) Hint: (5024) Parameter "AnIndex" not used
/home/mattias/pascal/wichtig/lazarus/components/lazutils/lazlistclassesbase.pas(118,100) Hint: (5024) Parameter "Res" not used
/home/mattias/pascal/wichtig/lazarus/components/lazutils/lazlistclassesbase.pas(1228,93) Warning: (5059) Function result variable does not seem to be initialized
/home/mattias/pascal/wichtig/lazarus/components/lazutils/lazlistclassesbase.pas(119,54) Hint: (5024) Parameter "AList" not used
/home/mattias/pascal/wichtig/lazarus/components/lazutils/lazlistclassesbase.pas(119,73) Hint: (5024) Parameter "AnIndex" not used
/home/mattias/pascal/wichtig/lazarus/components/lazutils/lazlistclassesbase.pas(119,87) Hint: (5024) Parameter "ACount" not used
/home/mattias/pascal/wichtig/lazarus/components/lazutils/lazlistclassesbase.pas(120,52) Hint: (5024) Parameter "AList" not used
/home/mattias/pascal/wichtig/lazarus/components/lazutils/lazlistclassesbase.pas(120,71) Hint: (5024) Parameter "AFromIndex" not used
/home/mattias/pascal/wichtig/lazarus/components/lazutils/lazlistclassesbase.pas(120,88) Hint: (5024) Parameter "AToIndex" not used
/home/mattias/pascal/wichtig/lazarus/components/lazutils/lazlistclassesbase.pas(120,103) Hint: (5024) Parameter "ACount" not used
/home/mattias/pascal/wichtig/lazarus/components/lazutils/lazlistclassesbase.pas(121,52) Hint: (5024) Parameter "AList" not used
/home/mattias/pascal/wichtig/lazarus/components/lazutils/lazlistclassesbase.pas(121,71) Hint: (5024) Parameter "AnIndex1" not used
/home/mattias/pascal/wichtig/lazarus/components/lazutils/lazlistclassesbase.pas(121,86) Hint: (5024) Parameter "AnIndex2" not used
/home/mattias/pascal/wichtig/lazarus/components/lazutils/lazlistclassesbase.pas(117,53) Hint: (5024) Parameter "AList" not used
/home/mattias/pascal/wichtig/lazarus/components/lazutils/lazlistclassesbase.pas(117,74) Hint: (5024) Parameter "AnIndex" not used
/home/mattias/pascal/wichtig/lazarus/components/lazutils/lazlistclassesbase.pas(117,101) Hint: (5024) Parameter "Res" not used
/home/mattias/pascal/wichtig/lazarus/components/lazutils/lazlistclassesbase.pas(1563,90) Warning: (5059) Function result variable does not seem to be initialized
/home/mattias/pascal/wichtig/lazarus/components/lazutils/lazlistclasses.pas(1930,15) Hint: (4055) Conversion between ordinals and pointers is not portable
/home/mattias/pascal/wichtig/lazarus/components/lazutils/lazlistclasses.pas(1930,32) Hint: (4055) Conversion between ordinals and pointers is not portable
/home/mattias/pascal/wichtig/lazarus/components/lazutils/lazlistclasses.pas(1948,17) Hint: (4055) Conversion between ordinals and pointers is not portable
/home/mattias/pascal/wichtig/lazarus/components/lazutils/lazlistclasses.pas(1948,34) Hint: (4055) Conversion between ordinals and pointers is not portable
/home/mattias/pascal/wichtig/lazarus/components/lazutils/lazlistclasses.pas(1963,17) Hint: (4055) Conversion between ordinals and pointers is not portable
/home/mattias/pascal/wichtig/lazarus/components/lazutils/lazlistclasses.pas(1963,34) Hint: (4055) Conversion between ordinals and pointers is not portable
/home/mattias/pascal/wichtig/lazarus/components/lazutils/lazlistclasses.pas(1906,8) Warning: (5036) Local variable "NewMem" does not seem to be initialized
/home/mattias/pascal/wichtig/lazarus/components/lazutils/lazlistclassesbase.pas(118,54) Hint: (5024) Parameter "AList" not used
/home/mattias/pascal/wichtig/lazarus/components/lazutils/lazlistclassesbase.pas(118,73) Hint: (5024) Parameter "AnIndex" not used
/home/mattias/pascal/wichtig/lazarus/components/lazutils/lazlistclassesbase.pas(118,100) Hint: (5024) Parameter "Res" not used
/home/mattias/pascal/wichtig/lazarus/components/lazutils/lazlistclassesbase.pas(2000,93) Warning: (5059) Function result variable does not seem to be initialized
/home/mattias/pascal/wichtig/lazarus/components/lazutils/lazlistclassesbase.pas(119,54) Hint: (5024) Parameter "AList" not used
/home/mattias/pascal/wichtig/lazarus/components/lazutils/lazlistclassesbase.pas(119,73) Hint: (5024) Parameter "AnIndex" not used
/home/mattias/pascal/wichtig/lazarus/components/lazutils/lazlistclassesbase.pas(119,87) Hint: (5024) Parameter "ACount" not used
/home/mattias/pascal/wichtig/lazarus/components/lazutils/lazlistclassesbase.pas(120,52) Hint: (5024) Parameter "AList" not used
/home/mattias/pascal/wichtig/lazarus/components/lazutils/lazlistclassesbase.pas(120,71) Hint: (5024) Parameter "AFromIndex" not used
/home/mattias/pascal/wichtig/lazarus/components/lazutils/lazlistclassesbase.pas(120,88) Hint: (5024) Parameter "AToIndex" not used
/home/mattias/pascal/wichtig/lazarus/components/lazutils/lazlistclassesbase.pas(120,103) Hint: (5024) Parameter "ACount" not used
/home/mattias/pascal/wichtig/lazarus/components/lazutils/lazlistclassesbase.pas(121,52) Hint: (5024) Parameter "AList" not used
/home/mattias/pascal/wichtig/lazarus/components/lazutils/lazlistclassesbase.pas(121,71) Hint: (5024) Parameter "AnIndex1" not used
/home/mattias/pascal/wichtig/lazarus/components/lazutils/lazlistclassesbase.pas(121,86) Hint: (5024) Parameter "AnIndex2" not used
/home/mattias/pascal/wichtig/lazarus/components/lazutils/lazlistclassesbase.pas(117,53) Hint: (5024) Parameter "AList" not used
/home/mattias/pascal/wichtig/lazarus/components/lazutils/lazlistclassesbase.pas(117,74) Hint: (5024) Parameter "AnIndex" not used
/home/mattias/pascal/wichtig/lazarus/components/lazutils/lazlistclassesbase.pas(117,101) Hint: (5024) Parameter "Res" not used
/home/mattias/pascal/wichtig/lazarus/components/lazutils/lazlistclassesbase.pas(1563,90) Warning: (5059) Function result variable does not seem to be initialized
/home/mattias/pascal/wichtig/lazarus/components/lazutils/lazlistclasses.pas(1930,15) Hint: (4055) Conversion between ordinals and pointers is not portable
/home/mattias/pascal/wichtig/lazarus/components/lazutils/lazlistclasses.pas(1930,32) Hint: (4055) Conversion between ordinals and pointers is not portable
/home/mattias/pascal/wichtig/lazarus/components/lazutils/lazlistclasses.pas(1948,17) Hint: (4055) Conversion between ordinals and pointers is not portable
/home/mattias/pascal/wichtig/lazarus/components/lazutils/lazlistclasses.pas(1948,34) Hint: (4055) Conversion between ordinals and pointers is not portable
/home/mattias/pascal/wichtig/lazarus/components/lazutils/lazlistclasses.pas(1963,17) Hint: (4055) Conversion between ordinals and pointers is not portable
/home/mattias/pascal/wichtig/lazarus/components/lazutils/lazlistclasses.pas(1963,34) Hint: (4055) Conversion between ordinals and pointers is not portable
/home/mattias/pascal/wichtig/lazarus/components/lazutils/lazlistclasses.pas(1906,8) Warning: (5036) Local variable "NewMem" does not seem to be initialized
/home/mattias/pascal/wichtig/lazarus/components/lazutils/lazlistclassesbase.pas(118,54) Hint: (5024) Parameter "AList" not used
/home/mattias/pascal/wichtig/lazarus/components/lazutils/lazlistclassesbase.pas(118,73) Hint: (5024) Parameter "AnIndex" not used
/home/mattias/pascal/wichtig/lazarus/components/lazutils/lazlistclassesbase.pas(118,100) Hint: (5024) Parameter "Res" not used
/home/mattias/pascal/wichtig/lazarus/components/lazutils/lazlistclassesbase.pas(2000,93) Warning: (5059) Function result variable does not seem to be initialized
/home/mattias/pascal/wichtig/lazarus/components/lazutils/lazlistclassesbase.pas(119,54) Hint: (5024) Parameter "AList" not used
/home/mattias/pascal/wichtig/lazarus/components/lazutils/lazlistclassesbase.pas(119,73) Hint: (5024) Parameter "AnIndex" not used
/home/mattias/pascal/wichtig/lazarus/components/lazutils/lazlistclassesbase.pas(119,87) Hint: (5024) Parameter "ACount" not used
/home/mattias/pascal/wichtig/lazarus/components/lazutils/lazlistclassesbase.pas(120,52) Hint: (5024) Parameter "AList" not used
/home/mattias/pascal/wichtig/lazarus/components/lazutils/lazlistclassesbase.pas(120,71) Hint: (5024) Parameter "AFromIndex" not used
/home/mattias/pascal/wichtig/lazarus/components/lazutils/lazlistclassesbase.pas(120,88) Hint: (5024) Parameter "AToIndex" not used
/home/mattias/pascal/wichtig/lazarus/components/lazutils/lazlistclassesbase.pas(120,103) Hint: (5024) Parameter "ACount" not used
/home/mattias/pascal/wichtig/lazarus/components/lazutils/lazlistclassesbase.pas(121,52) Hint: (5024) Parameter "AList" not used
/home/mattias/pascal/wichtig/lazarus/components/lazutils/lazlistclassesbase.pas(121,71) Hint: (5024) Parameter "AnIndex1" not used
/home/mattias/pascal/wichtig/lazarus/components/lazutils/lazlistclassesbase.pas(121,86) Hint: (5024) Parameter "AnIndex2" not used
/home/mattias/pascal/wichtig/lazarus/components/lazutils/lazlistclassesbase.pas(117,53) Hint: (5024) Parameter "AList" not used
/home/mattias/pascal/wichtig/lazarus/components/lazutils/lazlistclassesbase.pas(117,74) Hint: (5024) Parameter "AnIndex" not used
/home/mattias/pascal/wichtig/lazarus/components/lazutils/lazlistclassesbase.pas(117,101) Hint: (5024) Parameter "Res" not used
/home/mattias/pascal/wichtig/lazarus/components/lazutils/lazlistclassesbase.pas(1074,90) Warning: (5059) Function result variable does not seem to be initialized
/home/mattias/pascal/wichtig/lazarus/components/lazutils/lazlistclasses.pas(1159,8) Warning: (5036) Local variable "NewMem" does not seem to be initialized
/home/mattias/pascal/wichtig/lazarus/components/lazutils/lazlistclassesbase.pas(118,54) Hint: (5024) Parameter "AList" not used
/home/mattias/pascal/wichtig/lazarus/components/lazutils/lazlistclassesbase.pas(118,73) Hint: (5024) Parameter "AnIndex" not used
/home/mattias/pascal/wichtig/lazarus/components/lazutils/lazlistclassesbase.pas(118,100) Hint: (5024) Parameter "Res" not used
/home/mattias/pascal/wichtig/lazarus/components/lazutils/lazlistclassesbase.pas(1228,93) Warning: (5059) Function result variable does not seem to be initialized
/home/mattias/pascal/wichtig/lazarus/components/lazutils/lazlistclassesbase.pas(119,54) Hint: (5024) Parameter "AList" not used
/home/mattias/pascal/wichtig/lazarus/components/lazutils/lazlistclassesbase.pas(119,73) Hint: (5024) Parameter "AnIndex" not used
/home/mattias/pascal/wichtig/lazarus/components/lazutils/lazlistclassesbase.pas(119,87) Hint: (5024) Parameter "ACount" not used
/home/mattias/pascal/wichtig/lazarus/components/lazutils/lazlistclassesbase.pas(120,52) Hint: (5024) Parameter "AList" not used
/home/mattias/pascal/wichtig/lazarus/components/lazutils/lazlistclassesbase.pas(120,71) Hint: (5024) Parameter "AFromIndex" not used
/home/mattias/pascal/wichtig/lazarus/components/lazutils/lazlistclassesbase.pas(120,88) Hint: (5024) Parameter "AToIndex" not used
/home/mattias/pascal/wichtig/lazarus/components/lazutils/lazlistclassesbase.pas(120,103) Hint: (5024) Parameter "ACount" not used
/home/mattias/pascal/wichtig/lazarus/components/lazutils/lazlistclassesbase.pas(121,52) Hint: (5024) Parameter "AList" not used
/home/mattias/pascal/wichtig/lazarus/components/lazutils/lazlistclassesbase.pas(121,71) Hint: (5024) Parameter "AnIndex1" not used
/home/mattias/pascal/wichtig/lazarus/components/lazutils/lazlistclassesbase.pas(121,86) Hint: (5024) Parameter "AnIndex2" not used
/home/mattias/pascal/wichtig/lazarus/components/lazutils/lazlistclassesbase.pas(117,53) Hint: (5024) Parameter "AList" not used
/home/mattias/pascal/wichtig/lazarus/components/lazutils/lazlistclassesbase.pas(117,74) Hint: (5024) Parameter "AnIndex" not used
/home/mattias/pascal/wichtig/lazarus/components/lazutils/lazlistclassesbase.pas(117,101) Hint: (5024) Parameter "Res" not used
/home/mattias/pascal/wichtig/lazarus/components/lazutils/lazlistclassesbase.pas(2658,90) Warning: (5059) Function result variable does not seem to be initialized
/home/mattias/pascal/wichtig/lazarus/components/lazutils/lazlistclassesbase.pas(118,54) Hint: (5024) Parameter "AList" not used
/home/mattias/pascal/wichtig/lazarus/components/lazutils/lazlistclassesbase.pas(118,73) Hint: (5024) Parameter "AnIndex" not used
/home/mattias/pascal/wichtig/lazarus/components/lazutils/lazlistclassesbase.pas(118,100) Hint: (5024) Parameter "Res" not used
/home/mattias/pascal/wichtig/lazarus/components/lazutils/lazlistclassesbase.pas(119,54) Hint: (5024) Parameter "AList" not used
/home/mattias/pascal/wichtig/lazarus/components/lazutils/lazlistclassesbase.pas(119,73) Hint: (5024) Parameter "AnIndex" not used
/home/mattias/pascal/wichtig/lazarus/components/lazutils/lazlistclassesbase.pas(119,87) Hint: (5024) Parameter "ACount" not used
/home/mattias/pascal/wichtig/lazarus/components/lazutils/lazlistclassesbase.pas(120,52) Hint: (5024) Parameter "AList" not used
/home/mattias/pascal/wichtig/lazarus/components/lazutils/lazlistclassesbase.pas(120,71) Hint: (5024) Parameter "AFromIndex" not used
/home/mattias/pascal/wichtig/lazarus/components/lazutils/lazlistclassesbase.pas(120,88) Hint: (5024) Parameter "AToIndex" not used
/home/mattias/pascal/wichtig/lazarus/components/lazutils/lazlistclassesbase.pas(120,103) Hint: (5024) Parameter "ACount" not used
/home/mattias/pascal/wichtig/lazarus/components/lazutils/lazlistclassesbase.pas(103,7) Note: (5071) Private type "TCapacityAccessor$2<LAZLISTCLASSES.__Internal__TMemRecord$1<SYSTEM.LongWord>,LAZLISTCLASSESBASE.TLazListAspectCapacityFieldMem>.TData" never used
/home/mattias/pascal/wichtig/lazarus/components/lazutils/lazlistclasses.pas(776,10) Note: (5071) Private type "TGenLazPagedListFixedType$3.PT" never used
(3104) Compiling lazloggerdummy.pas
/home/mattias/pascal/wichtig/lazarus/components/lazutils/lazloggerdummy.pas(206,31) Hint: (5024) Parameter "ALogger" not used
/home/mattias/pascal/wichtig/lazarus/components/lazutils/lazloggerdummy.pas(202,37) Hint: (5024) Parameter "ALogGroups" not used
/home/mattias/pascal/wichtig/lazarus/components/lazutils/lazloggerdummy.pas(96,27) Hint: (5024) Parameter "Src" not used
/home/mattias/pascal/wichtig/lazarus/components/lazutils/lazloggerdummy.pas(104,43) Hint: (5024) Parameter "AConfigName" not used
/home/mattias/pascal/wichtig/lazarus/components/lazutils/lazloggerdummy.pas(104,69) Hint: (5024) Parameter "ADefaulEnabled" not used
/home/mattias/pascal/wichtig/lazarus/components/lazutils/lazloggerdummy.pas(105,43) Hint: (5024) Parameter "AConfigName" not used
/home/mattias/pascal/wichtig/lazarus/components/lazutils/lazloggerdummy.pas(106,49) Hint: (5024) Parameter "AConfigName" not used
/home/mattias/pascal/wichtig/lazarus/components/lazutils/lazloggerdummy.pas(106,75) Hint: (5024) Parameter "ADefaulEnabled" not used
/home/mattias/pascal/wichtig/lazarus/components/lazutils/lazloggerdummy.pas(107,49) Hint: (5024) Parameter "AConfigName" not used
/home/mattias/pascal/wichtig/lazarus/components/lazutils/lazloggerdummy.pas(111,39) Hint: (5024) Parameter "s" not used
/home/mattias/pascal/wichtig/lazarus/components/lazutils/lazloggerdummy.pas(113,33) Hint: (5024) Parameter "s" not used
/home/mattias/pascal/wichtig/lazarus/components/lazutils/lazloggerdummy.pas(114,38) Hint: (5024) Parameter "Args" not used
/home/mattias/pascal/wichtig/lazarus/components/lazutils/lazloggerdummy.pas(115,33) Hint: (5024) Parameter "S" not used
/home/mattias/pascal/wichtig/lazarus/components/lazutils/lazloggerdummy.pas(115,60) Hint: (5024) Parameter "Args" not used
/home/mattias/pascal/wichtig/lazarus/components/lazutils/lazloggerdummy.pas(116,33) Hint: (5024) Parameter "s1" not used
/home/mattias/pascal/wichtig/lazarus/components/lazutils/lazloggerdummy.pas(116,42) Hint: (5024) Parameter "s2" not used
/home/mattias/pascal/wichtig/lazarus/components/lazutils/lazloggerdummy.pas(116,65) Hint: (5024) Parameter "s3" not used
/home/mattias/pascal/wichtig/lazarus/components/lazutils/lazloggerdummy.pas(117,33) Hint: (5024) Parameter "s4" not used
/home/mattias/pascal/wichtig/lazarus/components/lazutils/lazloggerdummy.pas(117,61) Hint: (5024) Parameter "s5" not used
/home/mattias/pascal/wichtig/lazarus/components/lazutils/lazloggerdummy.pas(117,89) Hint: (5024) Parameter "s6" not used
/home/mattias/pascal/wichtig/lazarus/components/lazutils/lazloggerdummy.pas(118,33) Hint: (5024) Parameter "s7" not used
/home/mattias/pascal/wichtig/lazarus/components/lazutils/lazloggerdummy.pas(118,61) Hint: (5024) Parameter "s8" not used
/home/mattias/pascal/wichtig/lazarus/components/lazutils/lazloggerdummy.pas(118,89) Hint: (5024) Parameter "s9" not used
/home/mattias/pascal/wichtig/lazarus/components/lazutils/lazloggerdummy.pas(119,33) Hint: (5024) Parameter "s10" not used
/home/mattias/pascal/wichtig/lazarus/components/lazutils/lazloggerdummy.pas(119,62) Hint: (5024) Parameter "s11" not used
/home/mattias/pascal/wichtig/lazarus/components/lazutils/lazloggerdummy.pas(119,91) Hint: (5024) Parameter "s12" not used
/home/mattias/pascal/wichtig/lazarus/components/lazutils/lazloggerdummy.pas(120,33) Hint: (5024) Parameter "s13" not used
/home/mattias/pascal/wichtig/lazarus/components/lazutils/lazloggerdummy.pas(120,62) Hint: (5024) Parameter "s14" not used
/home/mattias/pascal/wichtig/lazarus/components/lazutils/lazloggerdummy.pas(120,91) Hint: (5024) Parameter "s15" not used
/home/mattias/pascal/wichtig/lazarus/components/lazutils/lazloggerdummy.pas(121,33) Hint: (5024) Parameter "s16" not used
/home/mattias/pascal/wichtig/lazarus/components/lazutils/lazloggerdummy.pas(121,62) Hint: (5024) Parameter "s17" not used
/home/mattias/pascal/wichtig/lazarus/components/lazutils/lazloggerdummy.pas(121,91) Hint: (5024) Parameter "s18" not used
/home/mattias/pascal/wichtig/lazarus/components/lazutils/lazloggerdummy.pas(123,34) Hint: (5024) Parameter "s" not used
/home/mattias/pascal/wichtig/lazarus/components/lazutils/lazloggerdummy.pas(124,39) Hint: (5024) Parameter "Args" not used
/home/mattias/pascal/wichtig/lazarus/components/lazutils/lazloggerdummy.pas(125,34) Hint: (5024) Parameter "S" not used
/home/mattias/pascal/wichtig/lazarus/components/lazutils/lazloggerdummy.pas(125,61) Hint: (5024) Parameter "Args" not used
/home/mattias/pascal/wichtig/lazarus/components/lazutils/lazloggerdummy.pas(126,34) Hint: (5024) Parameter "s1" not used
/home/mattias/pascal/wichtig/lazarus/components/lazutils/lazloggerdummy.pas(126,43) Hint: (5024) Parameter "s2" not used
/home/mattias/pascal/wichtig/lazarus/components/lazutils/lazloggerdummy.pas(126,66) Hint: (5024) Parameter "s3" not used
/home/mattias/pascal/wichtig/lazarus/components/lazutils/lazloggerdummy.pas(127,34) Hint: (5024) Parameter "s4" not used
/home/mattias/pascal/wichtig/lazarus/components/lazutils/lazloggerdummy.pas(127,62) Hint: (5024) Parameter "s5" not used
/home/mattias/pascal/wichtig/lazarus/components/lazutils/lazloggerdummy.pas(127,90) Hint: (5024) Parameter "s6" not used
/home/mattias/pascal/wichtig/lazarus/components/lazutils/lazloggerdummy.pas(128,34) Hint: (5024) Parameter "s7" not used
/home/mattias/pascal/wichtig/lazarus/components/lazutils/lazloggerdummy.pas(128,62) Hint: (5024) Parameter "s8" not used
/home/mattias/pascal/wichtig/lazarus/components/lazutils/lazloggerdummy.pas(128,90) Hint: (5024) Parameter "s9" not used
/home/mattias/pascal/wichtig/lazarus/components/lazutils/lazloggerdummy.pas(129,34) Hint: (5024) Parameter "s10" not used
/home/mattias/pascal/wichtig/lazarus/components/lazutils/lazloggerdummy.pas(129,63) Hint: (5024) Parameter "s11" not used
/home/mattias/pascal/wichtig/lazarus/components/lazutils/lazloggerdummy.pas(129,92) Hint: (5024) Parameter "s12" not used
/home/mattias/pascal/wichtig/lazarus/components/lazutils/lazloggerdummy.pas(130,34) Hint: (5024) Parameter "s13" not used
/home/mattias/pascal/wichtig/lazarus/components/lazutils/lazloggerdummy.pas(130,63) Hint: (5024) Parameter "s14" not used
/home/mattias/pascal/wichtig/lazarus/components/lazutils/lazloggerdummy.pas(130,92) Hint: (5024) Parameter "s15" not used
/home/mattias/pascal/wichtig/lazarus/components/lazutils/lazloggerdummy.pas(131,34) Hint: (5024) Parameter "s16" not used
/home/mattias/pascal/wichtig/lazarus/components/lazutils/lazloggerdummy.pas(131,63) Hint: (5024) Parameter "s17" not used
/home/mattias/pascal/wichtig/lazarus/components/lazutils/lazloggerdummy.pas(131,92) Hint: (5024) Parameter "s18" not used
/home/mattias/pascal/wichtig/lazarus/components/lazutils/lazloggerdummy.pas(133,39) Hint: (5024) Parameter "s" not used
/home/mattias/pascal/wichtig/lazarus/components/lazutils/lazloggerdummy.pas(134,44) Hint: (5024) Parameter "Args" not used
/home/mattias/pascal/wichtig/lazarus/components/lazutils/lazloggerdummy.pas(135,33) Hint: (5024) Parameter "s" not used
/home/mattias/pascal/wichtig/lazarus/components/lazutils/lazloggerdummy.pas(135,60) Hint: (5024) Parameter "Args" not used
/home/mattias/pascal/wichtig/lazarus/components/lazutils/lazloggerdummy.pas(136,39) Hint: (5024) Parameter "s1" not used
/home/mattias/pascal/wichtig/lazarus/components/lazutils/lazloggerdummy.pas(136,48) Hint: (5024) Parameter "s2" not used
/home/mattias/pascal/wichtig/lazarus/components/lazutils/lazloggerdummy.pas(136,71) Hint: (5024) Parameter "s3" not used
/home/mattias/pascal/wichtig/lazarus/components/lazutils/lazloggerdummy.pas(137,39) Hint: (5024) Parameter "s4" not used
/home/mattias/pascal/wichtig/lazarus/components/lazutils/lazloggerdummy.pas(137,67) Hint: (5024) Parameter "s5" not used
/home/mattias/pascal/wichtig/lazarus/components/lazutils/lazloggerdummy.pas(137,95) Hint: (5024) Parameter "s6" not used
/home/mattias/pascal/wichtig/lazarus/components/lazutils/lazloggerdummy.pas(138,39) Hint: (5024) Parameter "s7" not used
/home/mattias/pascal/wichtig/lazarus/components/lazutils/lazloggerdummy.pas(138,67) Hint: (5024) Parameter "s8" not used
/home/mattias/pascal/wichtig/lazarus/components/lazutils/lazloggerdummy.pas(138,95) Hint: (5024) Parameter "s9" not used
/home/mattias/pascal/wichtig/lazarus/components/lazutils/lazloggerdummy.pas(139,39) Hint: (5024) Parameter "s10" not used
/home/mattias/pascal/wichtig/lazarus/components/lazutils/lazloggerdummy.pas(139,68) Hint: (5024) Parameter "s11" not used
/home/mattias/pascal/wichtig/lazarus/components/lazutils/lazloggerdummy.pas(139,97) Hint: (5024) Parameter "s12" not used
/home/mattias/pascal/wichtig/lazarus/components/lazutils/lazloggerdummy.pas(140,39) Hint: (5024) Parameter "s13" not used
/home/mattias/pascal/wichtig/lazarus/components/lazutils/lazloggerdummy.pas(140,68) Hint: (5024) Parameter "s14" not used
/home/mattias/pascal/wichtig/lazarus/components/lazutils/lazloggerdummy.pas(140,97) Hint: (5024) Parameter "s15" not used
/home/mattias/pascal/wichtig/lazarus/components/lazutils/lazloggerdummy.pas(141,39) Hint: (5024) Parameter "s16" not used
/home/mattias/pascal/wichtig/lazarus/components/lazutils/lazloggerdummy.pas(141,68) Hint: (5024) Parameter "s17" not used
/home/mattias/pascal/wichtig/lazarus/components/lazutils/lazloggerdummy.pas(141,97) Hint: (5024) Parameter "s18" not used
/home/mattias/pascal/wichtig/lazarus/components/lazutils/lazloggerdummy.pas(143,38) Hint: (5024) Parameter "s" not used
/home/mattias/pascal/wichtig/lazarus/components/lazutils/lazloggerdummy.pas(144,43) Hint: (5024) Parameter "Args" not used
/home/mattias/pascal/wichtig/lazarus/components/lazutils/lazloggerdummy.pas(145,32) Hint: (5024) Parameter "s" not used
/home/mattias/pascal/wichtig/lazarus/components/lazutils/lazloggerdummy.pas(145,59) Hint: (5024) Parameter "Args" not used
/home/mattias/pascal/wichtig/lazarus/components/lazutils/lazloggerdummy.pas(146,38) Hint: (5024) Parameter "s1" not used
/home/mattias/pascal/wichtig/lazarus/components/lazutils/lazloggerdummy.pas(146,47) Hint: (5024) Parameter "s2" not used
/home/mattias/pascal/wichtig/lazarus/components/lazutils/lazloggerdummy.pas(146,70) Hint: (5024) Parameter "s3" not used
/home/mattias/pascal/wichtig/lazarus/components/lazutils/lazloggerdummy.pas(147,38) Hint: (5024) Parameter "s4" not used
/home/mattias/pascal/wichtig/lazarus/components/lazutils/lazloggerdummy.pas(147,66) Hint: (5024) Parameter "s5" not used
/home/mattias/pascal/wichtig/lazarus/components/lazutils/lazloggerdummy.pas(147,94) Hint: (5024) Parameter "s6" not used
/home/mattias/pascal/wichtig/lazarus/components/lazutils/lazloggerdummy.pas(148,38) Hint: (5024) Parameter "s7" not used
/home/mattias/pascal/wichtig/lazarus/components/lazutils/lazloggerdummy.pas(148,66) Hint: (5024) Parameter "s8" not used
/home/mattias/pascal/wichtig/lazarus/components/lazutils/lazloggerdummy.pas(148,94) Hint: (5024) Parameter "s9" not used
/home/mattias/pascal/wichtig/lazarus/components/lazutils/lazloggerdummy.pas(149,38) Hint: (5024) Parameter "s10" not used
/home/mattias/pascal/wichtig/lazarus/components/lazutils/lazloggerdummy.pas(149,67) Hint: (5024) Parameter "s11" not used
/home/mattias/pascal/wichtig/lazarus/components/lazutils/lazloggerdummy.pas(149,96) Hint: (5024) Parameter "s12" not used
/home/mattias/pascal/wichtig/lazarus/components/lazutils/lazloggerdummy.pas(150,38) Hint: (5024) Parameter "s13" not used
/home/mattias/pascal/wichtig/lazarus/components/lazutils/lazloggerdummy.pas(150,67) Hint: (5024) Parameter "s14" not used
/home/mattias/pascal/wichtig/lazarus/components/lazutils/lazloggerdummy.pas(150,96) Hint: (5024) Parameter "s15" not used
/home/mattias/pascal/wichtig/lazarus/components/lazutils/lazloggerdummy.pas(151,38) Hint: (5024) Parameter "s16" not used
/home/mattias/pascal/wichtig/lazarus/components/lazutils/lazloggerdummy.pas(151,67) Hint: (5024) Parameter "s17" not used
/home/mattias/pascal/wichtig/lazarus/components/lazutils/lazloggerdummy.pas(151,96) Hint: (5024) Parameter "s18" not used
/home/mattias/pascal/wichtig/lazarus/components/lazutils/lazloggerdummy.pas(154,33) Hint: (5024) Parameter "LogEnabled" not used
/home/mattias/pascal/wichtig/lazarus/components/lazutils/lazloggerdummy.pas(154,78) Hint: (5024) Parameter "s" not used
/home/mattias/pascal/wichtig/lazarus/components/lazutils/lazloggerdummy.pas(156,27) Hint: (5024) Parameter "LogEnabled" not used
/home/mattias/pascal/wichtig/lazarus/components/lazutils/lazloggerdummy.pas(156,72) Hint: (5024) Parameter "s" not used
/home/mattias/pascal/wichtig/lazarus/components/lazutils/lazloggerdummy.pas(157,27) Hint: (5024) Parameter "LogEnabled" not used
/home/mattias/pascal/wichtig/lazarus/components/lazutils/lazloggerdummy.pas(157,77) Hint: (5024) Parameter "Args" not used
/home/mattias/pascal/wichtig/lazarus/components/lazutils/lazloggerdummy.pas(158,27) Hint: (5024) Parameter "LogEnabled" not used
/home/mattias/pascal/wichtig/lazarus/components/lazutils/lazloggerdummy.pas(158,72) Hint: (5024) Parameter "S" not used
/home/mattias/pascal/wichtig/lazarus/components/lazutils/lazloggerdummy.pas(158,99) Hint: (5024) Parameter "Args" not used
/home/mattias/pascal/wichtig/lazarus/components/lazutils/lazloggerdummy.pas(159,27) Hint: (5024) Parameter "LogEnabled" not used
/home/mattias/pascal/wichtig/lazarus/components/lazutils/lazloggerdummy.pas(159,72) Hint: (5024) Parameter "s1" not used
/home/mattias/pascal/wichtig/lazarus/components/lazutils/lazloggerdummy.pas(159,81) Hint: (5024) Parameter "s2" not used
/home/mattias/pascal/wichtig/lazarus/components/lazutils/lazloggerdummy.pas(159,104) Hint: (5024) Parameter "s3" not used
/home/mattias/pascal/wichtig/lazarus/components/lazutils/lazloggerdummy.pas(160,33) Hint: (5024) Parameter "s4" not used
/home/mattias/pascal/wichtig/lazarus/components/lazutils/lazloggerdummy.pas(160,61) Hint: (5024) Parameter "s5" not used
/home/mattias/pascal/wichtig/lazarus/components/lazutils/lazloggerdummy.pas(160,89) Hint: (5024) Parameter "s6" not used
/home/mattias/pascal/wichtig/lazarus/components/lazutils/lazloggerdummy.pas(161,33) Hint: (5024) Parameter "s7" not used
/home/mattias/pascal/wichtig/lazarus/components/lazutils/lazloggerdummy.pas(161,61) Hint: (5024) Parameter "s8" not used
/home/mattias/pascal/wichtig/lazarus/components/lazutils/lazloggerdummy.pas(161,89) Hint: (5024) Parameter "s9" not used
/home/mattias/pascal/wichtig/lazarus/components/lazutils/lazloggerdummy.pas(162,33) Hint: (5024) Parameter "s10" not used
/home/mattias/pascal/wichtig/lazarus/components/lazutils/lazloggerdummy.pas(162,62) Hint: (5024) Parameter "s11" not used
/home/mattias/pascal/wichtig/lazarus/components/lazutils/lazloggerdummy.pas(162,91) Hint: (5024) Parameter "s12" not used
/home/mattias/pascal/wichtig/lazarus/components/lazutils/lazloggerdummy.pas(163,33) Hint: (5024) Parameter "s13" not used
/home/mattias/pascal/wichtig/lazarus/components/lazutils/lazloggerdummy.pas(163,62) Hint: (5024) Parameter "s14" not used
/home/mattias/pascal/wichtig/lazarus/components/lazutils/lazloggerdummy.pas(163,91) Hint: (5024) Parameter "s15" not used
/home/mattias/pascal/wichtig/lazarus/components/lazutils/lazloggerdummy.pas(164,33) Hint: (5024) Parameter "s16" not used
/home/mattias/pascal/wichtig/lazarus/components/lazutils/lazloggerdummy.pas(164,62) Hint: (5024) Parameter "s17" not used
/home/mattias/pascal/wichtig/lazarus/components/lazutils/lazloggerdummy.pas(164,91) Hint: (5024) Parameter "s18" not used
/home/mattias/pascal/wichtig/lazarus/components/lazutils/lazloggerdummy.pas(166,28) Hint: (5024) Parameter "LogEnabled" not used
/home/mattias/pascal/wichtig/lazarus/components/lazutils/lazloggerdummy.pas(166,73) Hint: (5024) Parameter "s" not used
/home/mattias/pascal/wichtig/lazarus/components/lazutils/lazloggerdummy.pas(167,28) Hint: (5024) Parameter "LogEnabled" not used
/home/mattias/pascal/wichtig/lazarus/components/lazutils/lazloggerdummy.pas(167,78) Hint: (5024) Parameter "Args" not used
/home/mattias/pascal/wichtig/lazarus/components/lazutils/lazloggerdummy.pas(168,28) Hint: (5024) Parameter "LogEnabled" not used
/home/mattias/pascal/wichtig/lazarus/components/lazutils/lazloggerdummy.pas(168,73) Hint: (5024) Parameter "S" not used
/home/mattias/pascal/wichtig/lazarus/components/lazutils/lazloggerdummy.pas(168,100) Hint: (5024) Parameter "Args" not used
/home/mattias/pascal/wichtig/lazarus/components/lazutils/lazloggerdummy.pas(169,28) Hint: (5024) Parameter "LogEnabled" not used
/home/mattias/pascal/wichtig/lazarus/components/lazutils/lazloggerdummy.pas(169,73) Hint: (5024) Parameter "s1" not used
/home/mattias/pascal/wichtig/lazarus/components/lazutils/lazloggerdummy.pas(169,82) Hint: (5024) Parameter "s2" not used
/home/mattias/pascal/wichtig/lazarus/components/lazutils/lazloggerdummy.pas(169,105) Hint: (5024) Parameter "s3" not used
/home/mattias/pascal/wichtig/lazarus/components/lazutils/lazloggerdummy.pas(170,34) Hint: (5024) Parameter "s4" not used
/home/mattias/pascal/wichtig/lazarus/components/lazutils/lazloggerdummy.pas(170,62) Hint: (5024) Parameter "s5" not used
/home/mattias/pascal/wichtig/lazarus/components/lazutils/lazloggerdummy.pas(170,90) Hint: (5024) Parameter "s6" not used
/home/mattias/pascal/wichtig/lazarus/components/lazutils/lazloggerdummy.pas(171,34) Hint: (5024) Parameter "s7" not used
/home/mattias/pascal/wichtig/lazarus/components/lazutils/lazloggerdummy.pas(171,62) Hint: (5024) Parameter "s8" not used
/home/mattias/pascal/wichtig/lazarus/components/lazutils/lazloggerdummy.pas(171,90) Hint: (5024) Parameter "s9" not used
/home/mattias/pascal/wichtig/lazarus/components/lazutils/lazloggerdummy.pas(172,34) Hint: (5024) Parameter "s10" not used
/home/mattias/pascal/wichtig/lazarus/components/lazutils/lazloggerdummy.pas(172,63) Hint: (5024) Parameter "s11" not used
/home/mattias/pascal/wichtig/lazarus/components/lazutils/lazloggerdummy.pas(172,92) Hint: (5024) Parameter "s12" not used
/home/mattias/pascal/wichtig/lazarus/components/lazutils/lazloggerdummy.pas(173,34) Hint: (5024) Parameter "s13" not used
/home/mattias/pascal/wichtig/lazarus/components/lazutils/lazloggerdummy.pas(173,63) Hint: (5024) Parameter "s14" not used
/home/mattias/pascal/wichtig/lazarus/components/lazutils/lazloggerdummy.pas(173,92) Hint: (5024) Parameter "s15" not used
/home/mattias/pascal/wichtig/lazarus/components/lazutils/lazloggerdummy.pas(174,34) Hint: (5024) Parameter "s16" not used
/home/mattias/pascal/wichtig/lazarus/components/lazutils/lazloggerdummy.pas(174,63) Hint: (5024) Parameter "s17" not used
/home/mattias/pascal/wichtig/lazarus/components/lazutils/lazloggerdummy.pas(174,92) Hint: (5024) Parameter "s18" not used
/home/mattias/pascal/wichtig/lazarus/components/lazutils/lazloggerdummy.pas(176,33) Hint: (5024) Parameter "LogEnabled" not used
/home/mattias/pascal/wichtig/lazarus/components/lazutils/lazloggerdummy.pas(176,78) Hint: (5024) Parameter "s" not used
/home/mattias/pascal/wichtig/lazarus/components/lazutils/lazloggerdummy.pas(177,33) Hint: (5024) Parameter "LogEnabled" not used
/home/mattias/pascal/wichtig/lazarus/components/lazutils/lazloggerdummy.pas(177,83) Hint: (5024) Parameter "Args" not used
/home/mattias/pascal/wichtig/lazarus/components/lazutils/lazloggerdummy.pas(178,33) Hint: (5024) Parameter "LogEnabled" not used
/home/mattias/pascal/wichtig/lazarus/components/lazutils/lazloggerdummy.pas(178,72) Hint: (5024) Parameter "s" not used
/home/mattias/pascal/wichtig/lazarus/components/lazutils/lazloggerdummy.pas(178,99) Hint: (5024) Parameter "Args" not used
/home/mattias/pascal/wichtig/lazarus/components/lazutils/lazloggerdummy.pas(179,33) Hint: (5024) Parameter "LogEnabled" not used
/home/mattias/pascal/wichtig/lazarus/components/lazutils/lazloggerdummy.pas(179,78) Hint: (5024) Parameter "s1" not used
/home/mattias/pascal/wichtig/lazarus/components/lazutils/lazloggerdummy.pas(179,87) Hint: (5024) Parameter "s2" not used
/home/mattias/pascal/wichtig/lazarus/components/lazutils/lazloggerdummy.pas(179,110) Hint: (5024) Parameter "s3" not used
/home/mattias/pascal/wichtig/lazarus/components/lazutils/lazloggerdummy.pas(180,39) Hint: (5024) Parameter "s4" not used
/home/mattias/pascal/wichtig/lazarus/components/lazutils/lazloggerdummy.pas(180,67) Hint: (5024) Parameter "s5" not used
/home/mattias/pascal/wichtig/lazarus/components/lazutils/lazloggerdummy.pas(180,95) Hint: (5024) Parameter "s6" not used
/home/mattias/pascal/wichtig/lazarus/components/lazutils/lazloggerdummy.pas(181,39) Hint: (5024) Parameter "s7" not used
/home/mattias/pascal/wichtig/lazarus/components/lazutils/lazloggerdummy.pas(181,67) Hint: (5024) Parameter "s8" not used
/home/mattias/pascal/wichtig/lazarus/components/lazutils/lazloggerdummy.pas(181,95) Hint: (5024) Parameter "s9" not used
/home/mattias/pascal/wichtig/lazarus/components/lazutils/lazloggerdummy.pas(182,39) Hint: (5024) Parameter "s10" not used
/home/mattias/pascal/wichtig/lazarus/components/lazutils/lazloggerdummy.pas(182,68) Hint: (5024) Parameter "s11" not used
/home/mattias/pascal/wichtig/lazarus/components/lazutils/lazloggerdummy.pas(182,97) Hint: (5024) Parameter "s12" not used
/home/mattias/pascal/wichtig/lazarus/components/lazutils/lazloggerdummy.pas(183,39) Hint: (5024) Parameter "s13" not used
/home/mattias/pascal/wichtig/lazarus/components/lazutils/lazloggerdummy.pas(183,68) Hint: (5024) Parameter "s14" not used
/home/mattias/pascal/wichtig/lazarus/components/lazutils/lazloggerdummy.pas(183,97) Hint: (5024) Parameter "s15" not used
/home/mattias/pascal/wichtig/lazarus/components/lazutils/lazloggerdummy.pas(184,39) Hint: (5024) Parameter "s16" not used
/home/mattias/pascal/wichtig/lazarus/components/lazutils/lazloggerdummy.pas(184,68) Hint: (5024) Parameter "s17" not used
/home/mattias/pascal/wichtig/lazarus/components/lazutils/lazloggerdummy.pas(184,97) Hint: (5024) Parameter "s18" not used
/home/mattias/pascal/wichtig/lazarus/components/lazutils/lazloggerdummy.pas(186,32) Hint: (5024) Parameter "LogEnabled" not used
/home/mattias/pascal/wichtig/lazarus/components/lazutils/lazloggerdummy.pas(186,77) Hint: (5024) Parameter "s" not used
/home/mattias/pascal/wichtig/lazarus/components/lazutils/lazloggerdummy.pas(187,32) Hint: (5024) Parameter "LogEnabled" not used
/home/mattias/pascal/wichtig/lazarus/components/lazutils/lazloggerdummy.pas(187,82) Hint: (5024) Parameter "Args" not used
/home/mattias/pascal/wichtig/lazarus/components/lazutils/lazloggerdummy.pas(188,32) Hint: (5024) Parameter "LogEnabled" not used
/home/mattias/pascal/wichtig/lazarus/components/lazutils/lazloggerdummy.pas(188,71) Hint: (5024) Parameter "s" not used
/home/mattias/pascal/wichtig/lazarus/components/lazutils/lazloggerdummy.pas(188,98) Hint: (5024) Parameter "Args" not used
/home/mattias/pascal/wichtig/lazarus/components/lazutils/lazloggerdummy.pas(189,32) Hint: (5024) Parameter "LogEnabled" not used
/home/mattias/pascal/wichtig/lazarus/components/lazutils/lazloggerdummy.pas(189,77) Hint: (5024) Parameter "s1" not used
/home/mattias/pascal/wichtig/lazarus/components/lazutils/lazloggerdummy.pas(189,86) Hint: (5024) Parameter "s2" not used
/home/mattias/pascal/wichtig/lazarus/components/lazutils/lazloggerdummy.pas(189,109) Hint: (5024) Parameter "s3" not used
/home/mattias/pascal/wichtig/lazarus/components/lazutils/lazloggerdummy.pas(190,38) Hint: (5024) Parameter "s4" not used
/home/mattias/pascal/wichtig/lazarus/components/lazutils/lazloggerdummy.pas(190,66) Hint: (5024) Parameter "s5" not used
/home/mattias/pascal/wichtig/lazarus/components/lazutils/lazloggerdummy.pas(190,94) Hint: (5024) Parameter "s6" not used
/home/mattias/pascal/wichtig/lazarus/components/lazutils/lazloggerdummy.pas(191,38) Hint: (5024) Parameter "s7" not used
/home/mattias/pascal/wichtig/lazarus/components/lazutils/lazloggerdummy.pas(191,66) Hint: (5024) Parameter "s8" not used
/home/mattias/pascal/wichtig/lazarus/components/lazutils/lazloggerdummy.pas(191,94) Hint: (5024) Parameter "s9" not used
/home/mattias/pascal/wichtig/lazarus/components/lazutils/lazloggerdummy.pas(192,38) Hint: (5024) Parameter "s10" not used
/home/mattias/pascal/wichtig/lazarus/components/lazutils/lazloggerdummy.pas(192,67) Hint: (5024) Parameter "s11" not used
/home/mattias/pascal/wichtig/lazarus/components/lazutils/lazloggerdummy.pas(192,96) Hint: (5024) Parameter "s12" not used
/home/mattias/pascal/wichtig/lazarus/components/lazutils/lazloggerdummy.pas(193,38) Hint: (5024) Parameter "s13" not used
/home/mattias/pascal/wichtig/lazarus/components/lazutils/lazloggerdummy.pas(193,67) Hint: (5024) Parameter "s14" not used
/home/mattias/pascal/wichtig/lazarus/components/lazutils/lazloggerdummy.pas(193,96) Hint: (5024) Parameter "s15" not used
/home/mattias/pascal/wichtig/lazarus/components/lazutils/lazloggerdummy.pas(194,38) Hint: (5024) Parameter "s16" not used
/home/mattias/pascal/wichtig/lazarus/components/lazutils/lazloggerdummy.pas(194,67) Hint: (5024) Parameter "s17" not used
/home/mattias/pascal/wichtig/lazarus/components/lazutils/lazloggerdummy.pas(194,96) Hint: (5024) Parameter "s18" not used
/home/mattias/pascal/wichtig/lazarus/components/lazutils/lazloggerdummy.pas(197,43) Hint: (5024) Parameter "LogEnabled" not used
/home/mattias/pascal/wichtig/lazarus/components/lazutils/lazloggerdummy.pas(74,27) Hint: (5024) Parameter "Index" not used
/home/mattias/pascal/wichtig/lazarus/components/lazutils/lazloggerdummy.pas(76,27) Hint: (5024) Parameter "Src" not used
/home/mattias/pascal/wichtig/lazarus/components/lazutils/lazloggerdummy.pas(77,34) Hint: (5024) Parameter "AConfigName" not used
/home/mattias/pascal/wichtig/lazarus/components/lazutils/lazloggerdummy.pas(78,34) Hint: (5024) Parameter "AnEntry" not used
/home/mattias/pascal/wichtig/lazarus/components/lazutils/lazloggerdummy.pas(79,31) Hint: (5024) Parameter "AConfigName" not used
(3104) Compiling lazloggerprofiling.pas
/home/mattias/pascal/wichtig/lazarus/components/lazutils/lazloggerprofiling.pas(53,31) Hint: (5024) Parameter "Sender" not used
/home/mattias/pascal/wichtig/lazarus/components/lazutils/lazloggerprofiling.pas(54,30) Hint: (5024) Parameter "Sender" not used
/home/mattias/pascal/wichtig/lazarus/components/lazutils/lazloggerprofiling.pas(34,31) Hint: (5024) Parameter "Sender" not used
/home/mattias/pascal/wichtig/lazarus/components/lazutils/lazloggerprofiling.pas(35,30) Hint: (5024) Parameter "Sender" not used
(3104) Compiling lazmemmanager.pas
(3104) Compiling lazpasreadutil.pas
(3104) Compiling lazunicode.pas
(3104) Compiling lazutf16.pas
/home/mattias/pascal/wichtig/lazarus/components/lazutils/lazutf16.pas(1028,24) Hint: (5094) Function result variable of a managed type does not seem to be initialized
(3104) Compiling lazversion.pas
(3104) Compiling lcsvutils.pas
/home/mattias/pascal/wichtig/lazarus/components/lazutils/lcsvutils.pas(200,27) Hint: (5091) Local variable "W" of a managed type does not seem to be initialized
(3104) Compiling lookupstringlist.pas
(3104) Compiling maps.pp
/home/mattias/pascal/wichtig/lazarus/components/lazutils/maps.pp(355,18) Hint: (5057) Local variable "Item" does not seem to be initialized
/home/mattias/pascal/wichtig/lazarus/components/lazutils/maps.pp(377,21) Hint: (5091) Local variable "S" of a managed type does not seem to be initialized
/home/mattias/pascal/wichtig/lazarus/components/lazutils/maps.pp(456,22) Hint: (5058) Variable "AData" does not seem to be initialized
/home/mattias/pascal/wichtig/lazarus/components/lazutils/maps.pp(476,27) Hint: (5058) Variable "AID" does not seem to be initialized
/home/mattias/pascal/wichtig/lazarus/components/lazutils/maps.pp(118,32) Hint: (5024) Parameter "ADataPtr" not used
/home/mattias/pascal/wichtig/lazarus/components/lazutils/maps.pp(106,28) Hint: (5024) Parameter "Sender" not used
/home/mattias/pascal/wichtig/lazarus/components/lazutils/maps.pp(604,20) Hint: (5057) Local variable "Item" does not seem to be initialized
(3104) Compiling objectlists.pas
(3104) Compiling plist2json.pas
(3104) Compiling projresproc.pas
/home/mattias/pascal/wichtig/lazarus/components/lazutils/projresproc.pas(254,26) Hint: (5057) Local variable "c" does not seem to be initialized
/home/mattias/pascal/wichtig/lazarus/components/lazutils/projresproc.pas(341,19) Hint: (5057) Local variable "e" does not seem to be initialized
/home/mattias/pascal/wichtig/lazarus/components/lazutils/projresproc.pas(538,21) Hint: (5094) Function result variable of a managed type does not seem to be initialized
/home/mattias/pascal/wichtig/lazarus/components/lazutils/projresproc.pas(548,21) Hint: (5094) Function result variable of a managed type does not seem to be initialized
/home/mattias/pascal/wichtig/lazarus/components/lazutils/projresproc.pas(606,26) Hint: (5091) Local variable "HintStr" of a managed type does not seem to be initialized
/home/mattias/pascal/wichtig/lazarus/components/lazutils/projresproc.pas(638,26) Hint: (5057) Local variable "lbuf" does not seem to be initialized
/home/mattias/pascal/wichtig/lazarus/components/lazutils/projresproc.pas(1308,3) Hint: (5028) Local absolutevar "C" is not used
/home/mattias/pascal/wichtig/lazarus/components/lazutils/projresproc.pas(1433,19) Hint: (5094) Function result variable of a managed type does not seem to be initialized
/home/mattias/pascal/wichtig/lazarus/components/lazutils/projresproc.pas(1446,11) Hint: (5057) Local variable "e" does not seem to be initialized
/home/mattias/pascal/wichtig/lazarus/components/lazutils/projresproc.pas(1454,11) Hint: (5057) Local variable "b" does not seem to be initialized
(3104) Compiling stringhashlist.pas
(3104) Compiling textstrings.pas
(3104) Compiling translations.pas
/home/mattias/pascal/wichtig/lazarus/components/lazutils/translations.pas(738,51) Hint: (5024) Parameter "Hash" not used
/home/mattias/pascal/wichtig/lazarus/components/lazutils/translations.pas(873,19) Hint: (5091) Local variable "s" of a managed type does not seem to be initialized
(3104) Compiling utf8process.pp
/home/mattias/pascal/wichtig/lazarus/components/lazutils/utf8process.pp(56,3) Hint: (5028) Local const "_SC_NPROCESSORS_ONLN" is not used
(3104) Compiling lazvcsutils.pas
/home/mattias/pascal/wichtig/lazarus/components/lazutils/lazvcsutils.pas(79,30) Hint: (5091) Local variable "Buffer" of a managed type does not seem to be initialized
/home/mattias/pascal/wichtig/lazarus/components/lazutils/lazvcsutils.pas(163,32) Hint: (5091) Local variable "Buffer" of a managed type does not seem to be initialized
/home/mattias/pascal/wichtig/lazarus/components/lazutils/lazvcsutils.pas(226,32) Hint: (5091) Local variable "Buffer" of a managed type does not seem to be initialized
/home/mattias/pascal/wichtig/lazarus/components/lazutils/lazvcsutils.pas(410,26) Hint: (5091) Local variable "Buffer" of a managed type does not seem to be initialized
/home/mattias/pascal/wichtig/lazarus/components/lazutils/lazutils.pas(11,3) Hint: (5023) Unit "AvgLvlTree" not used in LazUtils
/home/mattias/pascal/wichtig/lazarus/components/lazutils/lazutils.pas(11,15) Hint: (5023) Unit "CodepagesAsian" not used in LazUtils
/home/mattias/pascal/wichtig/lazarus/components/lazutils/lazutils.pas(11,31) Hint: (5023) Unit "CodepagesCommon" not used in LazUtils
/home/mattias/pascal/wichtig/lazarus/components/lazutils/lazutils.pas(11,73) Hint: (5023) Unit "DynamicArray" not used in LazUtils
/home/mattias/pascal/wichtig/lazarus/components/lazutils/lazutils.pas(12,17) Hint: (5023) Unit "DynQueue" not used in LazUtils
/home/mattias/pascal/wichtig/lazarus/components/lazutils/lazutils.pas(12,27) Hint: (5023) Unit "ExtendedStrings" not used in LazUtils
/home/mattias/pascal/wichtig/lazarus/components/lazutils/lazutils.pas(12,44) Hint: (5023) Unit "FileReferenceList" not used in LazUtils
/home/mattias/pascal/wichtig/lazarus/components/lazutils/lazutils.pas(12,82) Hint: (5023) Unit "GraphMath" not used in LazUtils
/home/mattias/pascal/wichtig/lazarus/components/lazutils/lazutils.pas(13,14) Hint: (5023) Unit "HTML2TextRender" not used in LazUtils
/home/mattias/pascal/wichtig/lazarus/components/lazutils/lazutils.pas(13,31) Hint: (5023) Unit "IntegerList" not used in LazUtils
/home/mattias/pascal/wichtig/lazarus/components/lazutils/lazutils.pas(13,54) Hint: (5023) Unit "Laz2_XMLCfg" not used in LazUtils
/home/mattias/pascal/wichtig/lazarus/components/lazutils/lazutils.pas(14,3) Hint: (5023) Unit "Laz2_XMLWrite" not used in LazUtils
/home/mattias/pascal/wichtig/lazarus/components/lazutils/lazutils.pas(14,18) Hint: (5023) Unit "Laz2_XPath" not used in LazUtils
/home/mattias/pascal/wichtig/lazarus/components/lazutils/lazutils.pas(14,30) Hint: (5023) Unit "Laz_DOM" not used in LazUtils
/home/mattias/pascal/wichtig/lazarus/components/lazutils/lazutils.pas(14,39) Hint: (5023) Unit "Laz_XMLCfg" not used in LazUtils
/home/mattias/pascal/wichtig/lazarus/components/lazutils/lazutils.pas(14,51) Hint: (5023) Unit "Laz_XMLRead" not used in LazUtils
/home/mattias/pascal/wichtig/lazarus/components/lazutils/lazutils.pas(14,64) Hint: (5023) Unit "Laz_XMLStreaming" not used in LazUtils
/home/mattias/pascal/wichtig/lazarus/components/lazutils/lazutils.pas(14,82) Hint: (5023) Unit "Laz_XMLWrite" not used in LazUtils
/home/mattias/pascal/wichtig/lazarus/components/lazutils/lazutils.pas(15,3) Hint: (5023) Unit "LazClasses" not used in LazUtils
/home/mattias/pascal/wichtig/lazarus/components/lazutils/lazutils.pas(15,31) Hint: (5023) Unit "LazConfigStorage" not used in LazUtils
/home/mattias/pascal/wichtig/lazarus/components/lazutils/lazutils.pas(15,49) Hint: (5023) Unit "LazDbgLog" not used in LazUtils
/home/mattias/pascal/wichtig/lazarus/components/lazutils/lazutils.pas(15,60) Hint: (5023) Unit "LazFglHash" not used in LazUtils
/home/mattias/pascal/wichtig/lazarus/components/lazutils/lazutils.pas(16,3) Hint: (5023) Unit "LazLinkedList" not used in LazUtils
/home/mattias/pascal/wichtig/lazarus/components/lazutils/lazutils.pas(16,18) Hint: (5023) Unit "LazListClasses" not used in LazUtils
/home/mattias/pascal/wichtig/lazarus/components/lazutils/lazutils.pas(16,34) Hint: (5023) Unit "LazListClassesBase" not used in LazUtils
/home/mattias/pascal/wichtig/lazarus/components/lazutils/lazutils.pas(17,23) Hint: (5023) Unit "LazMemManager" not used in LazUtils
/home/mattias/pascal/wichtig/lazarus/components/lazutils/lazutils.pas(17,38) Hint: (5023) Unit "LazMethodList" not used in LazUtils
/home/mattias/pascal/wichtig/lazarus/components/lazutils/lazutils.pas(17,53) Hint: (5023) Unit "LazPasReadUtil" not used in LazUtils
/home/mattias/pascal/wichtig/lazarus/components/lazutils/lazutils.pas(17,69) Hint: (5023) Unit "LazStringUtils" not used in LazUtils
/home/mattias/pascal/wichtig/lazarus/components/lazutils/lazutils.pas(17,85) Hint: (5023) Unit "LazSysUtils" not used in LazUtils
/home/mattias/pascal/wichtig/lazarus/components/lazutils/lazutils.pas(18,14) Hint: (5023) Unit "LazTTY" not used in LazUtils
/home/mattias/pascal/wichtig/lazarus/components/lazutils/lazutils.pas(18,22) Hint: (5023) Unit "LazUnicode" not used in LazUtils
/home/mattias/pascal/wichtig/lazarus/components/lazutils/lazutils.pas(18,34) Hint: (5023) Unit "LazUTF16" not used in LazUtils
/home/mattias/pascal/wichtig/lazarus/components/lazutils/lazutils.pas(18,53) Hint: (5023) Unit "LazUtilities" not used in LazUtils
/home/mattias/pascal/wichtig/lazarus/components/lazutils/lazutils.pas(18,67) Hint: (5023) Unit "LazUtilsStrConsts" not used in LazUtils
/home/mattias/pascal/wichtig/lazarus/components/lazutils/lazutils.pas(19,18) Hint: (5023) Unit "LCSVUtils" not used in LazUtils
/home/mattias/pascal/wichtig/lazarus/components/lazutils/lazutils.pas(19,29) Hint: (5023) Unit "LookupStringList" not used in LazUtils
/home/mattias/pascal/wichtig/lazarus/components/lazutils/lazutils.pas(19,47) Hint: (5023) Unit "Maps" not used in LazUtils
/home/mattias/pascal/wichtig/lazarus/components/lazutils/lazutils.pas(19,53) Hint: (5023) Unit "Masks" not used in LazUtils
/home/mattias/pascal/wichtig/lazarus/components/lazutils/lazutils.pas(19,60) Hint: (5023) Unit "ObjectLists" not used in LazUtils
/home/mattias/pascal/wichtig/lazarus/components/lazutils/lazutils.pas(19,73) Hint: (5023) Unit "PList2JSon" not used in LazUtils
/home/mattias/pascal/wichtig/lazarus/components/lazutils/lazutils.pas(19,85) Hint: (5023) Unit "ProjResProc" not used in LazUtils
/home/mattias/pascal/wichtig/lazarus/components/lazutils/lazutils.pas(20,19) Hint: (5023) Unit "TextStrings" not used in LazUtils
/home/mattias/pascal/wichtig/lazarus/components/lazutils/lazutils.pas(20,32) Hint: (5023) Unit "Translations" not used in LazUtils
/home/mattias/pascal/wichtig/lazarus/components/lazutils/lazutils.pas(20,46) Hint: (5023) Unit "UTF8Process" not used in LazUtils
/home/mattias/pascal/wichtig/lazarus/components/lazutils/lazutils.pas(20,59) Hint: (5023) Unit "LazVCSUtils" not used in LazUtils
(1008) 92195 lines compiled, 1.7 sec
(1021) 27 warning(s) issued
(1022) 537 hint(s) issued
(1023) 2 note(s) issued
Info: (lazarus) Execute Title="Compile package FreeTypeLaz 1.0"
Info: (lazarus) Working Directory="/home/mattias/pascal/wichtig/lazarus/components/freetype/"
Info: (lazarus) Executable="/usr/lib/fpc/3.2.4/ppcx64"
Info: (lazarus) Param[0]="-MObjFPC"
Info: (lazarus) Param[1]="-Scghi"
Info: (lazarus) Param[2]="-Cg"
Info: (lazarus) Param[3]="-O1"
Info: (lazarus) Param[4]="-g"
Info: (lazarus) Param[5]="-gl"
Info: (lazarus) Param[6]="-l"
Info: (lazarus) Param[7]="-vewnhibq"
Info: (lazarus) Param[8]="-Fu/home/mattias/pascal/wichtig/lazarus/components/freetype/"
Info: (lazarus) Param[9]="-Fu/home/mattias/pascal/wichtig/lazarus/packager/units/x86_64-linux"
Info: (lazarus) Param[10]="-Fu/home/mattias/pascal/wichtig/lazarus/components/lazutils/lib/x86_64-linux"
Info: (lazarus) Param[11]="-FU/home/mattias/pascal/wichtig/lazarus/components/freetype/lib/x86_64-linux/"
Info: (lazarus) Param[12]="freetypelaz.pas"
Info: (lazarus) Param[13]="-B"
Info: (lazarus) Execute Title="Compile package CodeTools 1.0.1"
Info: (lazarus) Working Directory="/home/mattias/pascal/wichtig/lazarus/components/codetools/"
Info: (lazarus) Executable="/usr/lib/fpc/3.2.4/ppcx64"
Info: (lazarus) Param[0]="-MObjFPC"
Info: (lazarus) Param[1]="-Sci"
Info: (lazarus) Param[2]="-Cg"
Info: (lazarus) Param[3]="-O1"
Info: (lazarus) Param[4]="-g"
Info: (lazarus) Param[5]="-gl"
Info: (lazarus) Param[6]="-l"
Info: (lazarus) Param[7]="-vewnhibq"
Info: (lazarus) Param[8]="-Fu/home/mattias/pascal/wichtig/lazarus/components/codetools/"
Info: (lazarus) Param[9]="-Fu/home/mattias/pascal/wichtig/lazarus/packager/units/x86_64-linux"
Info: (lazarus) Param[10]="-Fu/home/mattias/pascal/wichtig/lazarus/components/lazutils/lib/x86_64-linux"
Info: (lazarus) Param[11]="-FU/home/mattias/pascal/wichtig/lazarus/components/codetools/units/x86_64-linux/"
Info: (lazarus) Param[12]="codetools.pas"
Info: (lazarus) Param[13]="-B"
Info: (lazarus) Execute Title="Compile package LazDebuggerIntf 0.0.1"
Info: (lazarus) Working Directory="/home/mattias/pascal/wichtig/lazarus/components/lazdebuggers/lazdebuggerintf/"
Info: (lazarus) Executable="/usr/lib/fpc/3.2.4/ppcx64"
Info: (lazarus) Param[0]="-MObjFPC"
Info: (lazarus) Param[1]="-Scghi"
Info: (lazarus) Param[2]="-Cg"
Info: (lazarus) Param[3]="-O1"
Info: (lazarus) Param[4]="-g"
Info: (lazarus) Param[5]="-gl"
Info: (lazarus) Param[6]="-l"
Info: (lazarus) Param[7]="-vewnhibq"
Info: (lazarus) Param[8]="-vm6058,5024"
Info: (lazarus) Param[9]="-Fu/home/mattias/pascal/wichtig/lazarus/components/lazdebuggers/lazdebuggerintf/"
Info: (lazarus) Param[10]="-Fu/home/mattias/pascal/wichtig/lazarus/packager/units/x86_64-linux"
Info: (lazarus) Param[11]="-Fu/home/mattias/pascal/wichtig/lazarus/components/lazutils/lib/x86_64-linux"
Info: (lazarus) Param[12]="-FU/home/mattias/pascal/wichtig/lazarus/components/lazdebuggers/lazdebuggerintf/lib/x86_64-linux/"
Info: (lazarus) Param[13]="lazdebuggerintfpackage.pas"
Info: (lazarus) Param[14]="-B"
Info: (lazarus) Execute Title="Compile package BuildIntf 1.0"
Info: (lazarus) Working Directory="/home/mattias/pascal/wichtig/lazarus/components/buildintf/"
Info: (lazarus) Executable="/usr/lib/fpc/3.2.4/ppcx64"
Info: (lazarus) Param[0]="-MObjFPC"
Info: (lazarus) Param[1]="-Scghi"
Info: (lazarus) Param[2]="-Cg"
Info: (lazarus) Param[3]="-O1"
Info: (lazarus) Param[4]="-g"
Info: (lazarus) Param[5]="-gl"
Info: (lazarus) Param[6]="-l"
Info: (lazarus) Param[7]="-vewnhibq"
Info: (lazarus) Param[8]="-Fu/home/mattias/pascal/wichtig/lazarus/components/buildintf/"
Info: (lazarus) Param[9]="-Fu/home/mattias/pascal/wichtig/lazarus/packager/units/x86_64-linux"
Info: (lazarus) Param[10]="-Fu/home/mattias/pascal/wichtig/lazarus/components/lazutils/lib/x86_64-linux"
Info: (lazarus) Param[11]="-FU/home/mattias/pascal/wichtig/lazarus/components/buildintf/units/x86_64-linux/"
Info: (lazarus) Param[12]="buildintf.pas"
Info: (lazarus) Param[13]="-B"
Hint: (11030) Start of reading config file /home/mattias/.fpc.cfg
Hint: (11030) Start of reading config file /etc/fpc.cfg
Hint: (11031) End of reading config file /etc/fpc.cfg
Hint: (11031) End of reading config file /home/mattias/.fpc.cfg
Free Pascal Compiler version 3.2.4-rc1 [2025/04/09] for x86_64
Copyright (c) 1993-2024 by Florian Klaempfl and others
(1002) Target OS: Linux for x86-64
(3104) Compiling lazdebuggerintfpackage.pas
(3104) Compiling lazdebuggerintf.pas
(3104) Compiling lazdebuggervalueconverter.pas
(3104) Compiling lazdebuggerintfbasetypes.pas
(3104) Compiling lazdebuggerintffloattypes.pas
(3104) Compiling lazdebuggertemplate.pas
(3104) Compiling dbgutilstypepatternlist.pas
/home/mattias/pascal/wichtig/lazarus/components/lazdebuggers/lazdebuggerintf/dbgutilstypepatternlist.pas(243,20) Note: (5027) Local variable "wasNameMatch" is assigned but never used
/home/mattias/pascal/wichtig/lazarus/components/lazdebuggers/lazdebuggerintf/dbgutilstypepatternlist.pas(243,34) Note: (5027) Local variable "wasExpressionMatch" is assigned but never used
(3104) Compiling lazdebuggerutils.pas
(3104) Compiling lazdebuggerintfexcludedroutines.pas
(3104) Compiling lazdebuggerintfsynchronizedlist.pas
/usr/lib/fpc/3.2.4/units/x86_64-linux/rtl/fgl.ppu:fgl.pp(1109,3) Note: (5025) Local variable "P" not used
/home/mattias/pascal/wichtig/lazarus/components/lazdebuggers/lazdebuggerintf/lazdebuggerintfexcludedroutines.pas(24,27) Hint: (5023) Unit "LazClasses" not used in LazDebuggerIntfExcludedRoutines
(3104) Compiling lazdebuggerintfexceptions.pas
/home/mattias/pascal/wichtig/lazarus/components/lazdebuggers/lazdebuggerintf/lazdebuggerintfpackage.pas(11,3) Hint: (5023) Unit "LazDebuggerIntf" not used in lazdebuggerintfpackage
/home/mattias/pascal/wichtig/lazarus/components/lazdebuggers/lazdebuggerintf/lazdebuggerintfpackage.pas(11,20) Hint: (5023) Unit "LazDebuggerTemplate" not used in lazdebuggerintfpackage
/home/mattias/pascal/wichtig/lazarus/components/lazdebuggers/lazdebuggerintf/lazdebuggerintfpackage.pas(11,41) Hint: (5023) Unit "LazDebuggerIntfBaseTypes" not used in lazdebuggerintfpackage
/home/mattias/pascal/wichtig/lazarus/components/lazdebuggers/lazdebuggerintf/lazdebuggerintfpackage.pas(12,3) Hint: (5023) Unit "DbgUtilsTypePatternList" not used in lazdebuggerintfpackage
/home/mattias/pascal/wichtig/lazarus/components/lazdebuggers/lazdebuggerintf/lazdebuggerintfpackage.pas(12,28) Hint: (5023) Unit "LazDebuggerUtils" not used in lazdebuggerintfpackage
/home/mattias/pascal/wichtig/lazarus/components/lazdebuggers/lazdebuggerintf/lazdebuggerintfpackage.pas(12,46) Hint: (5023) Unit "LazDebuggerIntfFloatTypes" not used in lazdebuggerintfpackage
/home/mattias/pascal/wichtig/lazarus/components/lazdebuggers/lazdebuggerintf/lazdebuggerintfpackage.pas(13,3) Hint: (5023) Unit "LazDebuggerIntfExcludedRoutines" not used in lazdebuggerintfpackage
/home/mattias/pascal/wichtig/lazarus/components/lazdebuggers/lazdebuggerintf/lazdebuggerintfpackage.pas(13,36) Hint: (5023) Unit "LazDebuggerIntfSynchronizedList" not used in lazdebuggerintfpackage
/home/mattias/pascal/wichtig/lazarus/components/lazdebuggers/lazdebuggerintf/lazdebuggerintfpackage.pas(13,69) Hint: (5023) Unit "LazDebuggerIntfExceptions" not used in lazdebuggerintfpackage
(1008) 2475 lines compiled, 0.1 sec
(1022) 14 hint(s) issued
(1023) 3 note(s) issued
Info: (lazarus) Execute Title="Compile package DebuggerIntf 0.1"
Info: (lazarus) Working Directory="/home/mattias/pascal/wichtig/lazarus/components/debuggerintf/"
Info: (lazarus) Executable="/usr/lib/fpc/3.2.4/ppcx64"
Info: (lazarus) Param[0]="-MObjFPC"
Info: (lazarus) Param[1]="-Scghi"
Info: (lazarus) Param[2]="-Cg"
Info: (lazarus) Param[3]="-O1"
Info: (lazarus) Param[4]="-g"
Info: (lazarus) Param[5]="-gl"
Info: (lazarus) Param[6]="-l"
Info: (lazarus) Param[7]="-venibq"
Info: (lazarus) Param[8]="-vw-h-"
Info: (lazarus) Param[9]="-vm4046"
Info: (lazarus) Param[10]="-Fu/home/mattias/pascal/wichtig/lazarus/components/debuggerintf/"
Info: (lazarus) Param[11]="-Fu/home/mattias/pascal/wichtig/lazarus/components/debuggerintf/fcl-proc331"
Info: (lazarus) Param[12]="-Fu/home/mattias/pascal/wichtig/lazarus/packager/units/x86_64-linux"
Info: (lazarus) Param[13]="-Fu/home/mattias/pascal/wichtig/lazarus/components/lazutils/lib/x86_64-linux"
Info: (lazarus) Param[14]="-Fu/home/mattias/pascal/wichtig/lazarus/components/lazdebuggers/lazdebuggerintf/lib/x86_64-linux"
Info: (lazarus) Param[15]="-FU/home/mattias/pascal/wichtig/lazarus/components/debuggerintf/lib/x86_64-linux/"
Info: (lazarus) Param[16]="debuggerintf.pas"
Info: (lazarus) Param[17]="-B"
Hint: (11030) Start of reading config file /home/mattias/.fpc.cfg
Hint: (11030) Start of reading config file /etc/fpc.cfg
Hint: (11031) End of reading config file /etc/fpc.cfg
Hint: (11031) End of reading config file /home/mattias/.fpc.cfg
Free Pascal Compiler version 3.2.4-rc1 [2025/04/09] for x86_64
Copyright (c) 1993-2024 by Florian Klaempfl and others
(1002) Target OS: Linux for x86-64
(3104) Compiling buildintf.pas
(3104) Compiling baseideintf.pas
(3104) Compiling macrointf.pas
(3104) Compiling macrodefintf.pas
(3104) Compiling buildstrconsts.pas
(1010) Writing Resource String Table file: buildstrconsts.rsj
(3104) Compiling componentreg.pas
/home/mattias/pascal/wichtig/lazarus/components/buildintf/componentreg.pas(282,27) Hint: (5024) Parameter "ForceUpdateAll" not used
(3104) Compiling compoptsintf.pas
(3104) Compiling ideoptionsintf.pas
/home/mattias/pascal/wichtig/lazarus/components/buildintf/compoptsintf.pas(134,44) Hint: (5024) Parameter "AValue" not used
(3104) Compiling fppkgintf.pas
(3104) Compiling packageintf.pas
(3104) Compiling newitemintf.pas
/home/mattias/pascal/wichtig/lazarus/components/buildintf/newitemintf.pas(52,41) Hint: (5024) Parameter "CategoryName" not used
(3104) Compiling projpackintf.pas
Hint: (11030) Start of reading config file /home/mattias/.fpc.cfg
Hint: (11030) Start of reading config file /etc/fpc.cfg
Hint: (11031) End of reading config file /etc/fpc.cfg
Hint: (11031) End of reading config file /home/mattias/.fpc.cfg
Free Pascal Compiler version 3.2.4-rc1 [2025/04/09] for x86_64
Copyright (c) 1993-2024 by Florian Klaempfl and others
(1002) Target OS: Linux for x86-64
(3104) Compiling freetypelaz.pas
(3104) Compiling easylazfreetype.pas
(3104) Compiling lazfreetype.pas
(3104) Compiling tttypes.pas
(3104) Compiling tterror.pas
(3104) Compiling ttcalc.pas
(3104) Compiling ttmemory.pas
/home/mattias/pascal/wichtig/lazarus/components/freetype/ttmemory.pas(124,27) Hint: (5024) Parameter "Size" not used
(3104) Compiling tttables.pas
(3104) Compiling ttcache.pas
(3104) Compiling ttfile.pas
/home/mattias/pascal/wichtig/lazarus/components/freetype/ttfile.pas(648,47) Hint: (5057) Local variable "C" does not seem to be initialized
(3104) Compiling ttcmap.pas
(3104) Compiling ttobjs.pas
(3104) Compiling ttload.pas
(3104) Compiling ttinterp.pas
/home/mattias/pascal/wichtig/lazarus/components/freetype/ttinterp.pas(184,28) Hint: (5024) Parameter "args" not used
/home/mattias/pascal/wichtig/lazarus/components/freetype/ttinterp.pas(127,30) Hint: (5024) Parameter "args" not used
/home/mattias/pascal/wichtig/lazarus/components/freetype/ttinterp.pas(135,29) Hint: (5024) Parameter "args" not used
/home/mattias/pascal/wichtig/lazarus/components/freetype/ttinterp.pas(134,28) Hint: (5024) Parameter "args" not used
/home/mattias/pascal/wichtig/lazarus/components/freetype/ttinterp.pas(136,29) Hint: (5024) Parameter "args" not used
/home/mattias/pascal/wichtig/lazarus/components/freetype/ttinterp.pas(226,30) Hint: (5024) Parameter "args" not used
/home/mattias/pascal/wichtig/lazarus/components/freetype/ttinterp.pas(217,31) Hint: (5024) Parameter "args" not used
/home/mattias/pascal/wichtig/lazarus/components/freetype/ttinterp.pas(207,31) Hint: (5024) Parameter "args" not used
/home/mattias/pascal/wichtig/lazarus/components/freetype/ttinterp.pas(209,31) Hint: (5024) Parameter "args" not used
/home/mattias/pascal/wichtig/lazarus/components/freetype/ttinterp.pas(195,29) Hint: (5024) Parameter "args" not used
/home/mattias/pascal/wichtig/lazarus/components/freetype/ttinterp.pas(194,28) Hint: (5024) Parameter "args" not used
/home/mattias/pascal/wichtig/lazarus/components/freetype/ttinterp.pas(193,29) Hint: (5024) Parameter "args" not used
/home/mattias/pascal/wichtig/lazarus/components/freetype/ttinterp.pas(196,29) Hint: (5024) Parameter "args" not used
/home/mattias/pascal/wichtig/lazarus/components/freetype/ttinterp.pas(188,29) Hint: (5024) Parameter "args" not used
/home/mattias/pascal/wichtig/lazarus/components/freetype/ttinterp.pas(189,29) Hint: (5024) Parameter "args" not used
/home/mattias/pascal/wichtig/lazarus/components/freetype/ttinterp.pas(141,31) Hint: (5024) Parameter "args" not used
/home/mattias/pascal/wichtig/lazarus/components/freetype/ttinterp.pas(140,32) Hint: (5024) Parameter "args" not used
/home/mattias/pascal/wichtig/lazarus/components/freetype/ttinterp.pas(198,30) Hint: (5024) Parameter "args" not used
/home/mattias/pascal/wichtig/lazarus/components/freetype/ttinterp.pas(142,31) Hint: (5024) Parameter "args" not used
/home/mattias/pascal/wichtig/lazarus/components/freetype/ttinterp.pas(211,28) Hint: (5024) Parameter "args" not used
/home/mattias/pascal/wichtig/lazarus/components/freetype/ttinterp.pas(122,32) Hint: (5024) Parameter "args" not used
/home/mattias/pascal/wichtig/lazarus/components/freetype/ttinterp.pas(118,27) Hint: (5024) Parameter "args" not used
/home/mattias/pascal/wichtig/lazarus/components/freetype/ttinterp.pas(155,27) Hint: (5024) Parameter "args" not used
/home/mattias/pascal/wichtig/lazarus/components/freetype/ttinterp.pas(157,28) Hint: (5024) Parameter "args" not used
/home/mattias/pascal/wichtig/lazarus/components/freetype/ttinterp.pas(128,30) Hint: (5024) Parameter "args" not used
/home/mattias/pascal/wichtig/lazarus/components/freetype/ttinterp.pas(4407,25) Warning: (6018) unreachable code
/home/mattias/pascal/wichtig/lazarus/components/freetype/ttinterp.pas(4411,25) Warning: (6018) unreachable code
/home/mattias/pascal/wichtig/lazarus/components/freetype/ttinterp.pas(234,32) Hint: (5024) Parameter "args" not used
(3104) Compiling ttgload.pas
/home/mattias/pascal/wichtig/lazarus/components/freetype/ttgload.pas(125,82) Hint: (5057) Local variable "advance" does not seem to be initialized
/home/mattias/pascal/wichtig/lazarus/components/freetype/ttgload.pas(125,68) Hint: (5057) Local variable "left_bearing" does not seem to be initialized
/home/mattias/pascal/wichtig/lazarus/components/freetype/ttgload.pas(495,37) Hint: (5024) Parameter "n_contours" not used
(3104) Compiling ttkern.pas
(3104) Compiling easylazfreetype.pas
(3104) Compiling ttraster.pas
(3104) Compiling ttprofile.pas
/home/mattias/pascal/wichtig/lazarus/components/freetype/ttraster.pas(173,49) Hint: (5024) Parameter "max" not used
/home/mattias/pascal/wichtig/lazarus/components/freetype/ttraster.pas(174,40) Hint: (5024) Parameter "y" not used
/home/mattias/pascal/wichtig/lazarus/components/freetype/ttraster.pas(174,73) Hint: (5024) Parameter "Left" not used
/home/mattias/pascal/wichtig/lazarus/components/freetype/ttraster.pas(175,12) Hint: (5024) Parameter "Right" not used
/home/mattias/pascal/wichtig/lazarus/components/freetype/ttraster.pas(152,46) Hint: (5024) Parameter "min" not used
/home/mattias/pascal/wichtig/lazarus/components/freetype/ttraster.pas(152,56) Hint: (5024) Parameter "max" not used
/home/mattias/pascal/wichtig/lazarus/components/freetype/ttraster.pas(153,70) Hint: (5024) Parameter "Left" not used
/home/mattias/pascal/wichtig/lazarus/components/freetype/ttraster.pas(154,12) Hint: (5024) Parameter "Right" not used
/home/mattias/pascal/wichtig/lazarus/components/freetype/ttraster.pas(163,54) Hint: (5024) Parameter "max" not used
/home/mattias/pascal/wichtig/lazarus/components/freetype/ttraster.pas(166,57) Hint: (5024) Parameter "max" not used
/home/mattias/pascal/wichtig/lazarus/components/freetype/ttraster.pas(148,75) Hint: (5024) Parameter "Left" not used
/home/mattias/pascal/wichtig/lazarus/components/freetype/ttraster.pas(149,12) Hint: (5024) Parameter "Right" not used
/home/mattias/pascal/wichtig/lazarus/components/freetype/easylazfreetype.pas(350,10) Warning: (3018) Constructor should be public
/home/mattias/pascal/wichtig/lazarus/components/freetype/easylazfreetype.pas(782,59) Hint: (5057) Local variable "outline" does not seem to be initialized
Hint: (11030) Start of reading config file /home/mattias/.fpc.cfg
Hint: (11030) Start of reading config file /etc/fpc.cfg
Hint: (11031) End of reading config file /etc/fpc.cfg
Hint: (11031) End of reading config file /home/mattias/.fpc.cfg
Free Pascal Compiler version 3.2.4-rc1 [2025/04/09] for x86_64
Copyright (c) 1993-2024 by Florian Klaempfl and others
(1002) Target OS: Linux for x86-64
(3104) Compiling codetools.pas
(3104) Compiling basiccodetools.pas
(3104) Compiling sourcelog.pas
/home/mattias/pascal/wichtig/lazarus/components/codetools/sourcelog.pas(303,26) Hint: (5094) Function result variable of a managed type does not seem to be initialized
/home/mattias/pascal/wichtig/lazarus/components/codetools/sourcelog.pas(753,23) Hint: (5091) Local variable "s" of a managed type does not seem to be initialized
/home/mattias/pascal/wichtig/lazarus/components/codetools/sourcelog.pas(854,26) Hint: (5094) Function result variable of a managed type does not seem to be initialized
(3104) Compiling keywordfunclists.pas
(3104) Compiling fileprocs.pas
(3104) Compiling codetoolsstrconsts.pas
(1010) Writing Resource String Table file: codetoolsstrconsts.rsj
/home/mattias/pascal/wichtig/lazarus/components/codetools/fileprocs.pas(327,22) Hint: (5091) Local variable "Used" of a managed type does not seem to be initialized
/home/mattias/pascal/wichtig/lazarus/components/codetools/fileprocs.pas(1190,21) Hint: (5091) Local variable "A" of a managed type does not seem to be initialized
/home/mattias/pascal/wichtig/lazarus/components/codetools/fileprocs.pas(1193,21) Hint: (5091) Local variable "B" of a managed type does not seem to be initialized
/home/mattias/pascal/wichtig/lazarus/components/freetype/easylazfreetype.pas(784,54) Hint: (5057) Local variable "bbox" does not seem to be initialized
/home/mattias/pascal/wichtig/lazarus/components/freetype/easylazfreetype.pas(1789,26) Warning: (5093) function result variable of a managed type does not seem to be initialized
/home/mattias/pascal/wichtig/lazarus/components/freetype/easylazfreetype.pas(2021,32) Hint: (5091) Local variable "value2" of a managed type does not seem to be initialized
/usr/lib/fpc/3.2.4/units/x86_64-linux/rtl/fgl.ppu:fgl.pp(1109,3) Note: (5025) Local variable "P" not used
/home/mattias/pascal/wichtig/lazarus/components/freetype/lazfreetype.pas(1729,26) Hint: (5094) Function result variable of a managed type does not seem to be initialized
(3104) Compiling lazfreetypefontcollection.pas
/home/mattias/pascal/wichtig/lazarus/components/freetype/lazfreetypefontcollection.pas(111,39) Hint: (5024) Parameter "Tree" not used
/home/mattias/pascal/wichtig/lazarus/components/freetype/lazfreetypefontcollection.pas(112,37) Hint: (5024) Parameter "Tree" not used
(3104) Compiling lazfreetypefpimagedrawer.pas
(3104) Compiling ttdebug.pas
/home/mattias/pascal/wichtig/lazarus/components/freetype/freetypelaz.pas(11,20) Hint: (5023) Unit "LazFreeType" not used in freetypelaz
/home/mattias/pascal/wichtig/lazarus/components/freetype/freetypelaz.pas(11,60) Hint: (5023) Unit "LazFreeTypeFPImageDrawer" not used in freetypelaz
/home/mattias/pascal/wichtig/lazarus/components/freetype/freetypelaz.pas(11,86) Hint: (5023) Unit "TTCache" not used in freetypelaz
/home/mattias/pascal/wichtig/lazarus/components/freetype/freetypelaz.pas(11,95) Hint: (5023) Unit "TTCalc" not used in freetypelaz
/home/mattias/pascal/wichtig/lazarus/components/freetype/freetypelaz.pas(11,103) Hint: (5023) Unit "TTCMap" not used in freetypelaz
/home/mattias/pascal/wichtig/lazarus/components/freetype/freetypelaz.pas(11,111) Hint: (5023) Unit "TTDebug" not used in freetypelaz
/home/mattias/pascal/wichtig/lazarus/components/freetype/freetypelaz.pas(12,3) Hint: (5023) Unit "TTError" not used in freetypelaz
/home/mattias/pascal/wichtig/lazarus/components/freetype/freetypelaz.pas(12,12) Hint: (5023) Unit "TTFile" not used in freetypelaz
/home/mattias/pascal/wichtig/lazarus/components/freetype/freetypelaz.pas(12,20) Hint: (5023) Unit "TTGLoad" not used in freetypelaz
/home/mattias/pascal/wichtig/lazarus/components/freetype/freetypelaz.pas(12,29) Hint: (5023) Unit "TTInterp" not used in freetypelaz
/home/mattias/pascal/wichtig/lazarus/components/freetype/freetypelaz.pas(12,39) Hint: (5023) Unit "TTKern" not used in freetypelaz
/home/mattias/pascal/wichtig/lazarus/components/freetype/freetypelaz.pas(12,47) Hint: (5023) Unit "TTLoad" not used in freetypelaz
/home/mattias/pascal/wichtig/lazarus/components/freetype/freetypelaz.pas(12,55) Hint: (5023) Unit "TTMemory" not used in freetypelaz
/home/mattias/pascal/wichtig/lazarus/components/freetype/freetypelaz.pas(12,65) Hint: (5023) Unit "TTObjs" not used in freetypelaz
/home/mattias/pascal/wichtig/lazarus/components/freetype/freetypelaz.pas(12,73) Hint: (5023) Unit "TTProfile" not used in freetypelaz
/home/mattias/pascal/wichtig/lazarus/components/freetype/freetypelaz.pas(12,84) Hint: (5023) Unit "TTRaster" not used in freetypelaz
/home/mattias/pascal/wichtig/lazarus/components/freetype/freetypelaz.pas(12,94) Hint: (5023) Unit "TTTables" not used in freetypelaz
/home/mattias/pascal/wichtig/lazarus/components/freetype/freetypelaz.pas(12,104) Hint: (5023) Unit "TTTypes" not used in freetypelaz
(1008) 24141 lines compiled, 0.4 sec
(1021) 4 warning(s) issued
(1022) 71 hint(s) issued
(1023) 1 note(s) issued
(3104) Compiling packagedependencyintf.pas
/home/mattias/pascal/wichtig/lazarus/components/buildintf/packageintf.pas(144,30) Hint: (5024) Parameter "Sender" not used
(3104) Compiling ideexterntoolintf.pas
/home/mattias/pascal/wichtig/lazarus/components/buildintf/ideexterntoolintf.pas(309,36) Hint: (5024) Parameter "aPhase" not used
/home/mattias/pascal/wichtig/lazarus/components/buildintf/ideexterntoolintf.pas(314,39) Hint: (5024) Parameter "SubTool" not used
/home/mattias/pascal/wichtig/lazarus/components/buildintf/ideexterntoolintf.pas(314,61) Hint: (5024) Parameter "MsgID" not used
/home/mattias/pascal/wichtig/lazarus/components/buildintf/ideexterntoolintf.pas(316,36) Hint: (5024) Parameter "SubTool" not used
/home/mattias/pascal/wichtig/lazarus/components/buildintf/ideexterntoolintf.pas(316,58) Hint: (5024) Parameter "MsgID" not used
/home/mattias/pascal/wichtig/lazarus/components/buildintf/ideexterntoolintf.pas(405,39) Hint: (5024) Parameter "AThread" not used
(3104) Compiling lazmsgworker.pas
/home/mattias/pascal/wichtig/lazarus/components/buildintf/lazmsgworker.pas(65,28) Hint: (5091) Local variable "NewButtons" of a managed type does not seem to be initialized
(3104) Compiling packagelinkintf.pas
(3104) Compiling projectgroupintf.pp
(3104) Compiling projectintf.pas
(3104) Compiling projectresourcesintf.pas
/home/mattias/pascal/wichtig/lazarus/components/buildintf/projectresourcesintf.pas(58,33) Hint: (5024) Parameter "AResources" not used
/home/mattias/pascal/wichtig/lazarus/components/buildintf/projectresourcesintf.pas(58,77) Hint: (5024) Parameter "AReason" not used
/home/mattias/pascal/wichtig/lazarus/components/buildintf/projectresourcesintf.pas(58,107) Hint: (5024) Parameter "SaveToTestDir" not used
/home/mattias/pascal/wichtig/lazarus/components/buildintf/projectresourcesintf.pas(59,34) Hint: (5024) Parameter "AResources" not used
/home/mattias/pascal/wichtig/lazarus/components/buildintf/projectresourcesintf.pas(59,78) Hint: (5024) Parameter "AReason" not used
/home/mattias/pascal/wichtig/lazarus/components/buildintf/projectresourcesintf.pas(59,108) Hint: (5024) Parameter "SaveToTestDir" not used
/home/mattias/pascal/wichtig/lazarus/components/buildintf/projectresourcesintf.pas(85,24) Hint: (5024) Parameter "AProject" not used
/home/mattias/pascal/wichtig/lazarus/components/buildintf/projectintf.pas(516,8) Warning: (3100) Virtual methods are used without a constructor in "TLazProjectFileListEnumerator"
/home/mattias/pascal/wichtig/lazarus/components/buildintf/projectintf.pas(523,8) Warning: (3100) Virtual methods are used without a constructor in "TLazProjectFileListEnumeration"
/home/mattias/pascal/wichtig/lazarus/components/buildintf/projectintf.pas(116,43) Hint: (5024) Parameter "ResourceName" not used
/home/mattias/pascal/wichtig/lazarus/components/buildintf/projectintf.pas(119,30) Hint: (5024) Parameter "Quiet" not used
/home/mattias/pascal/wichtig/lazarus/components/buildintf/projectintf.pas(120,38) Hint: (5024) Parameter "aFilename" not used
/home/mattias/pascal/wichtig/lazarus/components/buildintf/projectintf.pas(120,54) Hint: (5024) Parameter "aSourceName" not used
/home/mattias/pascal/wichtig/lazarus/components/buildintf/projectintf.pas(121,32) Hint: (5024) Parameter "aResourceName" not used
/home/mattias/pascal/wichtig/lazarus/components/buildintf/projectintf.pas(123,28) Hint: (5024) Parameter "NewFilename" not used
/home/mattias/pascal/wichtig/lazarus/components/buildintf/projectintf.pas(123,54) Hint: (5024) Parameter "NewOwner" not used
/home/mattias/pascal/wichtig/lazarus/components/buildintf/projectintf.pas(124,28) Hint: (5024) Parameter "NewSource" not used
/home/mattias/pascal/wichtig/lazarus/components/buildintf/projectintf.pas(124,52) Hint: (5024) Parameter "Quiet" not used
/home/mattias/pascal/wichtig/lazarus/components/buildintf/projectintf.pas(174,44) Hint: (5024) Parameter "aFilename" not used
/home/mattias/pascal/wichtig/lazarus/components/buildintf/projectintf.pas(174,60) Hint: (5024) Parameter "aSourceName" not used
/home/mattias/pascal/wichtig/lazarus/components/buildintf/projectintf.pas(175,38) Hint: (5024) Parameter "aResourceName" not used
/home/mattias/pascal/wichtig/lazarus/components/buildintf/projectintf.pas(176,49) Hint: (5024) Parameter "aFilename" not used
/home/mattias/pascal/wichtig/lazarus/components/buildintf/projectintf.pas(176,65) Hint: (5024) Parameter "aSourceName" not used
/home/mattias/pascal/wichtig/lazarus/components/buildintf/projectintf.pas(177,43) Hint: (5024) Parameter "aResourceName" not used
/home/mattias/pascal/wichtig/lazarus/components/buildintf/projectintf.pas(194,44) Hint: (5024) Parameter "Filename" not used
/home/mattias/pascal/wichtig/lazarus/components/buildintf/projectintf.pas(194,59) Hint: (5024) Parameter "SourceName" not used
/home/mattias/pascal/wichtig/lazarus/components/buildintf/projectintf.pas(196,59) Hint: (5024) Parameter "SourceName" not used
/home/mattias/pascal/wichtig/lazarus/components/buildintf/projectintf.pas(197,43) Hint: (5024) Parameter "ResourceName" not used
/home/mattias/pascal/wichtig/lazarus/components/buildintf/projectintf.pas(328,36) Hint: (5024) Parameter "AProject" not used
/home/mattias/pascal/wichtig/lazarus/components/buildintf/projectintf.pas(473,29) Hint: (5024) Parameter "Sender" not used
/home/mattias/pascal/wichtig/lazarus/components/buildintf/projectintf.pas(610,29) Hint: (5024) Parameter "ProjectDescription" not used
(3104) Compiling publishmoduleintf.pas
(3104) Compiling unitresourceintf.pas
/home/mattias/pascal/wichtig/lazarus/components/buildintf/unitresourceintf.pas(44,44) Hint: (5024) Parameter "aClassName" not used
/home/mattias/pascal/wichtig/lazarus/components/buildintf/buildintf.pas(11,3) Hint: (5023) Unit "BaseIDEIntf" not used in BuildIntf
/home/mattias/pascal/wichtig/lazarus/components/buildintf/buildintf.pas(11,16) Hint: (5023) Unit "BuildStrConsts" not used in BuildIntf
/home/mattias/pascal/wichtig/lazarus/components/buildintf/buildintf.pas(11,32) Hint: (5023) Unit "ComponentReg" not used in BuildIntf
/home/mattias/pascal/wichtig/lazarus/components/buildintf/buildintf.pas(11,46) Hint: (5023) Unit "CompOptsIntf" not used in BuildIntf
/home/mattias/pascal/wichtig/lazarus/components/buildintf/buildintf.pas(11,60) Hint: (5023) Unit "FppkgIntf" not used in BuildIntf
/home/mattias/pascal/wichtig/lazarus/components/buildintf/buildintf.pas(12,22) Hint: (5023) Unit "IDEOptionsIntf" not used in BuildIntf
/home/mattias/pascal/wichtig/lazarus/components/buildintf/buildintf.pas(12,38) Hint: (5023) Unit "LazMsgWorker" not used in BuildIntf
/home/mattias/pascal/wichtig/lazarus/components/buildintf/buildintf.pas(12,52) Hint: (5023) Unit "MacroDefIntf" not used in BuildIntf
/home/mattias/pascal/wichtig/lazarus/components/buildintf/buildintf.pas(12,66) Hint: (5023) Unit "MacroIntf" not used in BuildIntf
/home/mattias/pascal/wichtig/lazarus/components/buildintf/buildintf.pas(13,3) Hint: (5023) Unit "NewItemIntf" not used in BuildIntf
/home/mattias/pascal/wichtig/lazarus/components/buildintf/buildintf.pas(13,16) Hint: (5023) Unit "PackageDependencyIntf" not used in BuildIntf
/home/mattias/pascal/wichtig/lazarus/components/buildintf/buildintf.pas(13,52) Hint: (5023) Unit "PackageLinkIntf" not used in BuildIntf
/home/mattias/pascal/wichtig/lazarus/components/buildintf/buildintf.pas(14,3) Hint: (5023) Unit "ProjectGroupIntf" not used in BuildIntf
Info: (lazarus) Execute Title="Compile package LCLBase 4.99"
Info: (lazarus) Working Directory="/home/mattias/pascal/wichtig/lazarus/lcl/"
Info: (lazarus) Executable="/usr/lib/fpc/3.2.4/ppcx64"
Info: (lazarus) Param[0]="-MObjFPC"
Info: (lazarus) Param[1]="-Scghi"
Info: (lazarus) Param[2]="-Cg"
Info: (lazarus) Param[3]="-O1"
Info: (lazarus) Param[4]="-g"
Info: (lazarus) Param[5]="-gl"
Info: (lazarus) Param[6]="-l"
Info: (lazarus) Param[7]="-vewibq"
Info: (lazarus) Param[8]="-vn-h-"
Info: (lazarus) Param[9]="-Fi/home/mattias/pascal/wichtig/lazarus/lcl/include"
Info: (lazarus) Param[10]="-Fu/home/mattias/pascal/wichtig/lazarus/lcl/"
Info: (lazarus) Param[11]="-Fu/home/mattias/pascal/wichtig/lazarus/lcl/forms"
Info: (lazarus) Param[12]="-Fu/home/mattias/pascal/wichtig/lazarus/lcl/widgetset"
Info: (lazarus) Param[13]="-Fu/home/mattias/pascal/wichtig/lazarus/lcl/nonwin32"
Info: (lazarus) Param[14]="-Fu/home/mattias/pascal/wichtig/lazarus/packager/units/x86_64-linux"
Info: (lazarus) Param[15]="-Fu/home/mattias/pascal/wichtig/lazarus/components/lazutils/lib/x86_64-linux"
Info: (lazarus) Param[16]="-Fu/home/mattias/pascal/wichtig/lazarus/components/freetype/lib/x86_64-linux"
Info: (lazarus) Param[17]="-FU/home/mattias/pascal/wichtig/lazarus/lcl/units/x86_64-linux/"
Info: (lazarus) Param[18]="alllclunits.pp"
Info: (lazarus) Param[19]="-B"
/home/mattias/pascal/wichtig/lazarus/components/codetools/keywordfunclists.pas(201,24) Hint: (5094) Function result variable of a managed type does not seem to be initialized
/home/mattias/pascal/wichtig/lazarus/components/codetools/basiccodetools.pas(4305,24) Hint: (5094) Function result variable of a managed type does not seem to be initialized
/home/mattias/pascal/wichtig/lazarus/components/codetools/basiccodetools.pas(5177,26) Hint: (5094) Function result variable of a managed type does not seem to be initialized
/home/mattias/pascal/wichtig/lazarus/components/codetools/basiccodetools.pas(5363,24) Hint: (5094) Function result variable of a managed type does not seem to be initialized
/home/mattias/pascal/wichtig/lazarus/components/codetools/basiccodetools.pas(5698,24) Hint: (5094) Function result variable of a managed type does not seem to be initialized
(3104) Compiling cachecodetools.pas
(3104) Compiling codecache.pas
(3104) Compiling linkscanner.pas
(3104) Compiling codetoolmemmanager.pas
/home/mattias/pascal/wichtig/lazarus/components/codetools/codetoolmemmanager.pas(58,32) Hint: (5024) Parameter "AnItem" not used
(3104) Compiling expreval.pas
/home/mattias/pascal/wichtig/lazarus/components/codetools/expreval.pas(1382,23) Hint: (5091) Local variable "f" of a managed type does not seem to be initialized
/home/mattias/pascal/wichtig/lazarus/components/buildintf/buildintf.pas(15,3) Hint: (5023) Unit "PublishModuleIntf" not used in BuildIntf
(1008) 11126 lines compiled, 0.4 sec
(1021) 2 warning(s) issued
(1022) 59 hint(s) issued
Free Pascal Compiler version 3.2.4-rc1 [2025/04/09] for x86_64
Copyright (c) 1993-2024 by Florian Klaempfl and others
(1002) Target OS: Linux for x86-64
(3104) Compiling debuggerintf.pas
(3104) Compiling dbgintfbasetypes.pas
(3104) Compiling dbgintfdebuggerbase.pp
(3104) Compiling dbgintfmiscclasses.pas
(3104) Compiling dbgintfpseudoterminal.pas
(3104) Compiling ideminilibc.pas
(3104) Compiling dbgintfcommonstrings.pas
(1010) Writing Resource String Table file: dbgintfcommonstrings.rsj
(3104) Compiling dbgintfprocess.pas
(3104) Compiling ./fcl-proc331/process331.pp
(3104) Compiling ./fcl-proc331/pipes331.pp
/home/mattias/pascal/wichtig/lazarus/components/debuggerintf/./fcl-proc331/unix_process.inc(39,3) Note: (5025) Local variable "PriorityConstants" not used
(1008) 9411 lines compiled, 0.3 sec
(1023) 1 note(s) issued
/home/mattias/pascal/wichtig/lazarus/components/codetools/expreval.pas(2066,24) Hint: (5094) Function result variable of a managed type does not seem to be initialized
(3104) Compiling directorycacher.pas
/home/mattias/pascal/wichtig/lazarus/components/codetools/directorycacher.pas(326,47) Hint: (5024) Parameter "Sender" not used
/home/mattias/pascal/wichtig/lazarus/components/codetools/codecache.pas(564,31) Hint: (5057) Local variable "CodeXYPosition" does not seem to be initialized
/home/mattias/pascal/wichtig/lazarus/components/codetools/codecache.pas(166,35) Hint: (5024) Parameter "Sender" not used
/home/mattias/pascal/wichtig/lazarus/components/codetools/codecache.pas(167,34) Hint: (5024) Parameter "Sender" not used
/home/mattias/pascal/wichtig/lazarus/components/codetools/codecache.pas(171,40) Hint: (5024) Parameter "Sender" not used
/home/mattias/pascal/wichtig/lazarus/components/codetools/codecache.pas(169,37) Hint: (5024) Parameter "Sender" not used
(3104) Compiling customcodetool.pas
(3104) Compiling codetree.pas
(3104) Compiling codetoolsstructs.pas
(3104) Compiling codeatom.pas
/home/mattias/pascal/wichtig/lazarus/components/codetools/customcodetool.pas(2429,23) Hint: (4055) Conversion between ordinals and pointers is not portable
/home/mattias/pascal/wichtig/lazarus/components/codetools/customcodetool.pas(2429,55) Hint: (4055) Conversion between ordinals and pointers is not portable
/home/mattias/pascal/wichtig/lazarus/components/codetools/customcodetool.pas(2511,23) Hint: (4055) Conversion between ordinals and pointers is not portable
/home/mattias/pascal/wichtig/lazarus/components/codetools/customcodetool.pas(2511,52) Hint: (4055) Conversion between ordinals and pointers is not portable
Free Pascal Compiler version 3.2.4-rc1 [2025/04/09] for x86_64
Copyright (c) 1993-2024 by Florian Klaempfl and others
(1002) Target OS: Linux for x86-64
(3104) Compiling alllclunits.pp
(3104) Compiling actnlist.pas
(3104) Compiling lclstrconsts.pas
(1010) Writing Resource String Table file: lclstrconsts.rsj
(3104) Compiling lcltype.pp
(3104) Compiling ./widgetset/wsreferences.pp
(3104) Compiling lclproc.pas
(3104) Compiling lclintf.pas
(3104) Compiling lmessages.pp
(3104) Compiling interfacebase.pp
(3104) Compiling lclplatformdef.pas
(3104) Compiling intfgraphics.pas
(3104) Compiling lclversion.pas
(3104) Compiling icnstypes.pas
(3104) Compiling graphics.pp
(3104) Compiling lresources.pp
/home/mattias/pascal/wichtig/lazarus/lcl/lresources.pp(2216,3) Warning: (2005) Comment level 2 found
/home/mattias/pascal/wichtig/lazarus/lcl/lresources.pp(2218,3) Warning: (2005) Comment level 2 found
/home/mattias/pascal/wichtig/lazarus/lcl/lresources.pp(2224,3) Warning: (2005) Comment level 2 found
/home/mattias/pascal/wichtig/lazarus/lcl/lresources.pp(2228,3) Warning: (2005) Comment level 2 found
/home/mattias/pascal/wichtig/lazarus/lcl/lresources.pp(2231,3) Warning: (2005) Comment level 2 found
(3104) Compiling lclrescache.pas
(3104) Compiling lclintf.pas
/home/mattias/pascal/wichtig/lazarus/components/codetools/customcodetool.pas(3271,26) Hint: (5094) Function result variable of a managed type does not seem to be initialized
/home/mattias/pascal/wichtig/lazarus/components/codetools/customcodetool.pas(3343,33) Hint: (5091) Local variable "CommentAtom" of a managed type does not seem to be initialized
(3104) Compiling finddeclarationtool.pas
(3104) Compiling pascalparsertool.pas
(3104) Compiling multikeywordlisttool.pas
/home/mattias/pascal/wichtig/lazarus/components/codetools/pascalparsertool.pas(1382,68) Hint: (5057) Local variable "IsExternal" does not seem to be initialized
/home/mattias/pascal/wichtig/lazarus/components/codetools/pascalparsertool.pas(2896,66) Hint: (5057) Local variable "IsExternal" does not seem to be initialized
/home/mattias/pascal/wichtig/lazarus/components/codetools/pascalparsertool.pas(5788,24) Hint: (5094) Function result variable of a managed type does not seem to be initialized
(3104) Compiling pascalreadertool.pas
/home/mattias/pascal/wichtig/lazarus/components/codetools/pascalreadertool.pas(1830,33) Hint: (5091) Local variable "CommentAtom" of a managed type does not seem to be initialized
(3104) Compiling definetemplates.pas
/home/mattias/pascal/wichtig/lazarus/components/codetools/definetemplates.pas(3189,25) Hint: (5091) Local variable "aName" of a managed type does not seem to be initialized
/home/mattias/pascal/wichtig/lazarus/components/codetools/definetemplates.pas(3269,35) Hint: (5091) Local variable "aName" of a managed type does not seem to be initialized
/home/mattias/pascal/wichtig/lazarus/components/codetools/definetemplates.pas(3697,26) Hint: (5094) Function result variable of a managed type does not seem to be initialized
/home/mattias/pascal/wichtig/lazarus/components/codetools/definetemplates.pas(6625,21) Hint: (5091) Local variable "Buf" of a managed type does not seem to be initialized
(3104) Compiling interfacebase.pp
(3104) Compiling themes.pas
(3104) Compiling tmschema.pas
(3104) Compiling interfacebase.pp
(3104) Compiling lclintf.pas
(3104) Compiling imglist.pp
(3104) Compiling lclclasses.pp
(3104) Compiling ./widgetset/wslclclasses.pp
/home/mattias/pascal/wichtig/lazarus/components/codetools/definetemplates.pas(706,38) Hint: (5024) Parameter "KylixVersion" not used
(3104) Compiling finddeclarationcache.pas
/home/mattias/pascal/wichtig/lazarus/components/codetools/finddeclarationcache.pas(144,49) Hint: (5024) Parameter "InFront" not used
/home/mattias/pascal/wichtig/lazarus/components/codetools/finddeclarationtool.pas(6669,79) Hint: (5057) Local variable "IdentFoundResult" does not seem to be initialized
/home/mattias/pascal/wichtig/lazarus/components/codetools/finddeclarationtool.pas(1113,44) Hint: (5024) Parameter "SyntaxExceptions" not used
/home/mattias/pascal/wichtig/lazarus/components/codetools/finddeclarationtool.pas(9035,66) Hint: (5057) Local variable "IdentFoundResult" does not seem to be initialized
/home/mattias/pascal/wichtig/lazarus/components/codetools/finddeclarationtool.pas(10946,38) Hint: (5057) Local variable "FirstParamAlias" does not seem to be initialized
/home/mattias/pascal/wichtig/lazarus/components/codetools/finddeclarationtool.pas(966,40) Hint: (5024) Parameter "Sender" not used
/home/mattias/pascal/wichtig/lazarus/components/codetools/finddeclarationtool.pas(968,52) Hint: (5024) Parameter "Abort" not used
(3104) Compiling lclclasses.pp
(3104) Compiling ./widgetset/wsimglist.pp
(3104) Compiling ./widgetset/wsproc.pp
(3104) Compiling controls.pp
(3104) Compiling propertystorage.pas
(3104) Compiling menus.pp
(3104) Compiling actnlist.pas
(3104) Compiling ./widgetset/wsmenus.pp
(3104) Compiling ./widgetset/wsfactory.pas
(3104) Compiling forms.pp
(3104) Compiling customtimer.pas
(3104) Compiling clipbrd.pp
(3104) Compiling helpintfs.pas
(3104) Compiling controls.pp
(3104) Compiling ./widgetset/wscontrols.pp
/home/mattias/pascal/wichtig/lazarus/components/codetools/finddeclarationtool.pas(14932,14) Note: (5027) Local variable "ProcContext" is assigned but never used
/home/mattias/pascal/wichtig/lazarus/components/codetools/finddeclarationtool.pas(905,50) Hint: (5024) Parameter "Params" not used
(3104) Compiling ccodeparsertool.pas
(3104) Compiling ./widgetset/wsimglist.pp
(3104) Compiling ./widgetset/wsproc.pp
(3104) Compiling forms.pp
(3104) Compiling ./widgetset/wsforms.pp
(3104) Compiling nonpascalcodetools.pas
/home/mattias/pascal/wichtig/lazarus/components/codetools/ccodeparsertool.pas(2047,19) Hint: (5091) Local variable "s" of a managed type does not seem to be initialized
(3104) Compiling codebeautifier.pas
/home/mattias/pascal/wichtig/lazarus/components/codetools/codebeautifier.pas(366,37) Hint: (5024) Parameter "NewNestedComments" not used
/home/mattias/pascal/wichtig/lazarus/components/codetools/codebeautifier.pas(241,59) Hint: (5024) Parameter "SrcPos" not used
(3104) Compiling codecompletiontool.pas
(3104) Compiling stdcodetools.pas
(3104) Compiling identcompletiontool.pas
(3104) Compiling sourcechanger.pas
/home/mattias/pascal/wichtig/lazarus/components/codetools/sourcechanger.pas(156,50) Hint: (5024) Parameter "p" not used
/home/mattias/pascal/wichtig/lazarus/components/codetools/identcompletiontool.pas(272,41) Hint: (5024) Parameter "Tree" not used
/home/mattias/pascal/wichtig/lazarus/components/codetools/identcompletiontool.pas(463,48) Hint: (5024) Parameter "Params" not used
/home/mattias/pascal/wichtig/lazarus/components/codetools/identcompletiontool.pas(156,39) Hint: (5024) Parameter "IdentList" not used
/home/mattias/pascal/wichtig/lazarus/components/codetools/identcompletiontool.pas(5065,11) Hint: (4055) Conversion between ordinals and pointers is not portable
(3104) Compiling lfmtrees.pas
/home/mattias/pascal/wichtig/lazarus/components/codetools/stdcodetools.pas(1341,64) Warning: (5066) Symbol "UsesSectionToDottedUnitnames" is deprecated: "use UsesSectionToUnitnames instead"
/home/mattias/pascal/wichtig/lazarus/components/codetools/stdcodetools.pas(1342,83) Warning: (5066) Symbol "UsesSectionToDottedUnitnames" is deprecated: "use UsesSectionToUnitnames instead"
/home/mattias/pascal/wichtig/lazarus/components/codetools/stdcodetools.pas(5308,27) Hint: (4055) Conversion between ordinals and pointers is not portable
/home/mattias/pascal/wichtig/lazarus/components/codetools/stdcodetools.pas(5308,58) Hint: (4055) Conversion between ordinals and pointers is not portable
/home/mattias/pascal/wichtig/lazarus/components/codetools/stdcodetools.pas(6472,24) Hint: (5058) Variable "Stack" does not seem to be initialized
(3104) Compiling methodjumptool.pas
(3104) Compiling codegraph.pas
/home/mattias/pascal/wichtig/lazarus/components/codetools/codegraph.pas(669,29) Hint: (5091) Local variable "NodeQueue" of a managed type does not seem to be initialized
/home/mattias/pascal/wichtig/lazarus/components/codetools/codecompletiontool.pas(269,68) Hint: (5024) Parameter "Interactive" not used
/home/mattias/pascal/wichtig/lazarus/components/codetools/codecompletiontool.pas(4531,31) Hint: (4055) Conversion between ordinals and pointers is not portable
/home/mattias/pascal/wichtig/lazarus/lcl/./include/application.inc(888,21) Warning: (5063) Symbol "HintControl" is experimental
/home/mattias/pascal/wichtig/lazarus/lcl/./include/wincontrol.inc(5554,20) Warning: (5055) Symbol "CM_THEMECHANGED" is not implemented
(3104) Compiling arrow.pp
(3104) Compiling industrialbase.pp
(3104) Compiling asyncprocess.pp
/home/mattias/pascal/wichtig/lazarus/components/codetools/codecompletiontool.pas(4531,64) Hint: (4055) Conversion between ordinals and pointers is not portable
(3104) Compiling codeindex.pas
(3104) Compiling codetoolmanager.pas
(3104) Compiling eventcodetool.pas
(3104) Compiling changedeclarationtool.pas
(3104) Compiling extractproctool.pas
/home/mattias/pascal/wichtig/lazarus/components/codetools/extractproctool.pas(1115,13) Hint: (4055) Conversion between ordinals and pointers is not portable
/home/mattias/pascal/wichtig/lazarus/components/codetools/extractproctool.pas(1357,32) Hint: (4055) Conversion between ordinals and pointers is not portable
/home/mattias/pascal/wichtig/lazarus/components/codetools/changedeclarationtool.pas(1359,23) Hint: (5091) Local variable "Items" of a managed type does not seem to be initialized
/home/mattias/pascal/wichtig/lazarus/components/codetools/eventcodetool.pas(255,30) Hint: (5091) Local variable "ResultType" of a managed type does not seem to be initialized
/home/mattias/pascal/wichtig/lazarus/components/codetools/eventcodetool.pas(1257,34) Hint: (5091) Local variable "CurParamName" of a managed type does not seem to be initialized
/home/mattias/pascal/wichtig/lazarus/components/codetools/eventcodetool.pas(1266,39) Hint: (5091) Local variable "CurTypeIdentifier" of a managed type does not seem to be initialized
(3104) Compiling findoverloads.pas
(3104) Compiling ppucodetools.pas
(3104) Compiling ppuparser.pas
/home/mattias/pascal/wichtig/lazarus/components/codetools/ppuparser.pas(2432,24) Hint: (5094) Function result variable of a managed type does not seem to be initialized
/home/mattias/pascal/wichtig/lazarus/components/codetools/ppuparser.pas(2563,18) Hint: (5058) Variable "s" does not seem to be initialized
(3104) Compiling directivestree.pas
(3104) Compiling buttonpanel.pas
(3104) Compiling extctrls.pp
(3104) Compiling stdctrls.pp
(3104) Compiling graphutil.pp
(3104) Compiling lazcanvas.pas
(3104) Compiling lazregions.pas
(3104) Compiling ./widgetset/wsstdctrls.pp
(3104) Compiling popupnotifier.pas
/home/mattias/pascal/wichtig/lazarus/components/codetools/directivestree.pas(1839,32) Hint: (5024) Parameter "Changed" not used
(3104) Compiling codecompletiontemplater.pas
(3104) Compiling codetoolsconfig.pas
(3104) Compiling resourcecodetool.pas
(3104) Compiling ctunitgraph.pas
/home/mattias/pascal/wichtig/lazarus/components/codetools/codetoolmanager.pas(377,50) Hint: (5024) Parameter "UseCache" not used
/home/mattias/pascal/wichtig/lazarus/components/codetools/codetoolmanager.pas(381,55) Hint: (5024) Parameter "Directory" not used
/home/mattias/pascal/wichtig/lazarus/components/codetools/codetoolmanager.pas(5964,68) Warning: (5066) Symbol "FindUsedDottedUnitNames" is deprecated: "use FindUsedUnitNames instead"
/home/mattias/pascal/wichtig/lazarus/components/codetools/codetoolmanager.pas(840,51) Hint: (5024) Parameter "Sender" not used
/home/mattias/pascal/wichtig/lazarus/components/codetools/codetoolmanager.pas(842,29) Hint: (5024) Parameter "LFMNode" not used
/home/mattias/pascal/wichtig/lazarus/components/codetools/codetoolmanager.pas(172,44) Hint: (5024) Parameter "Sender" not used
/home/mattias/pascal/wichtig/lazarus/components/codetools/codetoolmanager.pas(210,38) Hint: (5024) Parameter "Tool" not used
/home/mattias/pascal/wichtig/lazarus/components/codetools/codetoolmanager.pas(212,34) Hint: (5024) Parameter "Sender" not used
/home/mattias/pascal/wichtig/lazarus/components/codetools/codetoolmanager.pas(198,40) Hint: (5024) Parameter "Sender" not used
/home/mattias/pascal/wichtig/lazarus/components/codetools/codetoolmanager.pas(202,35) Hint: (5024) Parameter "Sender" not used
/home/mattias/pascal/wichtig/lazarus/components/codetools/codetoolmanager.pas(203,65) Hint: (5024) Parameter "Abort" not used
(3104) Compiling ./widgetset/wsextctrls.pp
(3104) Compiling buttons.pp
(3104) Compiling imagelistcache.pas
(3104) Compiling ./widgetset/wsbuttons.pp
(3104) Compiling calendar.pp
(3104) Compiling ./widgetset/wscalendar.pp
(3104) Compiling checklst.pas
(3104) Compiling ./widgetset/wschecklst.pp
/home/mattias/pascal/wichtig/lazarus/lcl/checklst.pas(270,24) Warning: (5066) Symbol "ItemClick" is deprecated: "Use ClickCheck instead"
/home/mattias/pascal/wichtig/lazarus/lcl/checklst.pas(341,23) Warning: (5066) Symbol "ItemClick" is deprecated: "Use ClickCheck instead"
/home/mattias/pascal/wichtig/lazarus/lcl/checklst.pas(437,26) Warning: (5066) Symbol "OnItemClick" is deprecated: "Use OnClickCheck instead"
/home/mattias/pascal/wichtig/lazarus/components/codetools/codetoolmanager.pas(165,39) Hint: (5024) Parameter "Sender" not used
/home/mattias/pascal/wichtig/lazarus/components/codetools/codetoolmanager.pas(204,39) Hint: (5024) Parameter "Sender" not used
(3104) Compiling h2pastool.pas
/home/mattias/pascal/wichtig/lazarus/components/codetools/h2pastool.pas(595,8) Note: (5027) Local variable "CurType" is assigned but never used
/home/mattias/pascal/wichtig/lazarus/components/codetools/h2pastool.pas(597,8) Note: (5027) Local variable "H2PNode" is assigned but never used
/home/mattias/pascal/wichtig/lazarus/components/codetools/h2pastool.pas(675,8) Note: (5027) Local variable "H2PNode" is assigned but never used
/home/mattias/pascal/wichtig/lazarus/components/codetools/h2pastool.pas(713,8) Note: (5027) Local variable "CurType" is assigned but never used
/home/mattias/pascal/wichtig/lazarus/components/codetools/h2pastool.pas(794,8) Note: (5027) Local variable "H2PNode" is assigned but never used
/home/mattias/pascal/wichtig/lazarus/components/codetools/h2pastool.pas(831,8) Note: (5027) Local variable "CurType" is assigned but never used
/home/mattias/pascal/wichtig/lazarus/components/codetools/h2pastool.pas(2349,26) Hint: (5091) Local variable "NewSrc" of a managed type does not seem to be initialized
(3104) Compiling ppugraph.pas
(3104) Compiling otheridentifiertree.pas
(3104) Compiling codetoolscfgscript.pas
/home/mattias/pascal/wichtig/lazarus/components/codetools/codetoolscfgscript.pas(1602,22) Hint: (5057) Local variable "Value" does not seem to be initialized
/home/mattias/pascal/wichtig/lazarus/components/codetools/codetoolscfgscript.pas(237,36) Hint: (5024) Parameter "FunctionName" not used
/home/mattias/pascal/wichtig/lazarus/components/codetools/codetoolscfgscript.pas(238,44) Hint: (5024) Parameter "FunctionName" not used
/home/mattias/pascal/wichtig/lazarus/components/codetools/codetoolscfgscript.pas(238,70) Hint: (5024) Parameter "Value" not used
(3104) Compiling ctxmlfixfragment.pas
(3104) Compiling codetoolsfpcmsgs.pas
/home/mattias/pascal/wichtig/lazarus/lcl/checklst.pas(437,44) Warning: (5066) Symbol "OnItemClick" is deprecated: "Use OnClickCheck instead"
(3104) Compiling colorbox.pas
(3104) Compiling dialogs.pp
(3104) Compiling comctrls.pp
(3104) Compiling toolwin.pp
(3104) Compiling ./widgetset/wscomctrls.pp
/home/mattias/pascal/wichtig/lazarus/components/codetools/codetoolsfpcmsgs.pas(533,21) Hint: (5092) Variable "s" of a managed type does not seem to be initialized
(3104) Compiling unitdictionary.pas
/home/mattias/pascal/wichtig/lazarus/components/codetools/unitdictionary.pas(779,28) Hint: (5091) Local variable "UnitID" of a managed type does not seem to be initialized
/home/mattias/pascal/wichtig/lazarus/components/codetools/unitdictionary.pas(790,25) Hint: (5091) Local variable "s" of a managed type does not seem to be initialized
/home/mattias/pascal/wichtig/lazarus/components/codetools/unitdictionary.pas(801,33) Hint: (5091) Local variable "CurUnitName" of a managed type does not seem to be initialized
/home/mattias/pascal/wichtig/lazarus/components/codetools/unitdictionary.pas(810,34) Hint: (5091) Local variable "UnitFilename" of a managed type does not seem to be initialized
/home/mattias/pascal/wichtig/lazarus/components/codetools/unitdictionary.pas(831,34) Hint: (5091) Local variable "Identifier" of a managed type does not seem to be initialized
/home/mattias/pascal/wichtig/lazarus/components/codetools/unitdictionary.pas(866,31) Hint: (5091) Local variable "GroupName" of a managed type does not seem to be initialized
/home/mattias/pascal/wichtig/lazarus/components/codetools/unitdictionary.pas(878,25) Hint: (5091) Local variable "s" of a managed type does not seem to be initialized
/home/mattias/pascal/wichtig/lazarus/components/codetools/unitdictionary.pas(889,35) Hint: (5091) Local variable "GroupFilename" of a managed type does not seem to be initialized
/home/mattias/pascal/wichtig/lazarus/components/codetools/unitdictionary.pas(906,30) Hint: (5091) Local variable "UnitID" of a managed type does not seem to be initialized
(3104) Compiling ctloadlaz.pas
(3104) Compiling ctunitgroupgraph.pas
(3104) Compiling codetoolgdbtracer.pas
/home/mattias/pascal/wichtig/lazarus/components/codetools/codetoolgdbtracer.pas(734,26) Hint: (5094) Function result variable of a managed type does not seem to be initialized
(3104) Compiling ctfilechksums.pas
/home/mattias/pascal/wichtig/lazarus/components/codetools/codetools.pas(11,3) Hint: (5023) Unit "BasicCodeTools" not used in CodeTools
/home/mattias/pascal/wichtig/lazarus/components/codetools/codetools.pas(11,19) Hint: (5023) Unit "CacheCodeTools" not used in CodeTools
/home/mattias/pascal/wichtig/lazarus/components/codetools/codetools.pas(11,52) Hint: (5023) Unit "CodeAtom" not used in CodeTools
/home/mattias/pascal/wichtig/lazarus/components/codetools/codetools.pas(11,62) Hint: (5023) Unit "CodeBeautifier" not used in CodeTools
/home/mattias/pascal/wichtig/lazarus/components/codetools/codetools.pas(11,78) Hint: (5023) Unit "CodeCache" not used in CodeTools
/home/mattias/pascal/wichtig/lazarus/components/codetools/codetools.pas(12,3) Hint: (5023) Unit "CodeCompletionTool" not used in CodeTools
/home/mattias/pascal/wichtig/lazarus/components/codetools/codetools.pas(12,23) Hint: (5023) Unit "CodeGraph" not used in CodeTools
/home/mattias/pascal/wichtig/lazarus/components/codetools/codetools.pas(12,34) Hint: (5023) Unit "CodeIndex" not used in CodeTools
/home/mattias/pascal/wichtig/lazarus/components/codetools/codetools.pas(12,62) Hint: (5023) Unit "CodeToolMemManager" not used in CodeTools
/home/mattias/pascal/wichtig/lazarus/components/codetools/codetools.pas(12,82) Hint: (5023) Unit "CodeToolsConfig" not used in CodeTools
/home/mattias/pascal/wichtig/lazarus/components/codetools/codetools.pas(13,3) Hint: (5023) Unit "CodeToolsStrConsts" not used in CodeTools
/home/mattias/pascal/wichtig/lazarus/components/codetools/codetools.pas(13,41) Hint: (5023) Unit "CodeTree" not used in CodeTools
/home/mattias/pascal/wichtig/lazarus/components/codetools/codetools.pas(13,84) Hint: (5023) Unit "DirectivesTree" not used in CodeTools
/home/mattias/pascal/wichtig/lazarus/components/codetools/codetools.pas(14,20) Hint: (5023) Unit "EventCodeTool" not used in CodeTools
/home/mattias/pascal/wichtig/lazarus/components/codetools/codetools.pas(15,50) Hint: (5023) Unit "IdentCompletionTool" not used in CodeTools
/home/mattias/pascal/wichtig/lazarus/components/codetools/codetools.pas(16,16) Hint: (5023) Unit "MethodJumpTool" not used in CodeTools
/home/mattias/pascal/wichtig/lazarus/components/codetools/codetools.pas(16,32) Hint: (5023) Unit "MultiKeyWordListTool" not used in CodeTools
/home/mattias/pascal/wichtig/lazarus/components/codetools/codetools.pas(16,54) Hint: (5023) Unit "NonPascalCodeTools" not used in CodeTools
/home/mattias/pascal/wichtig/lazarus/components/codetools/codetools.pas(16,74) Hint: (5023) Unit "PascalParserTool" not used in CodeTools
/home/mattias/pascal/wichtig/lazarus/components/codetools/codetools.pas(17,3) Hint: (5023) Unit "PascalReaderTool" not used in CodeTools
/home/mattias/pascal/wichtig/lazarus/components/codetools/codetools.pas(17,21) Hint: (5023) Unit "PPUCodeTools" not used in CodeTools
/home/mattias/pascal/wichtig/lazarus/components/codetools/codetools.pas(17,35) Hint: (5023) Unit "PPUGraph" not used in CodeTools
/home/mattias/pascal/wichtig/lazarus/components/codetools/codetools.pas(17,56) Hint: (5023) Unit "ResourceCodeTool" not used in CodeTools
/home/mattias/pascal/wichtig/lazarus/components/codetools/codetools.pas(17,74) Hint: (5023) Unit "SourceChanger" not used in CodeTools
/home/mattias/pascal/wichtig/lazarus/components/codetools/codetools.pas(17,89) Hint: (5023) Unit "SourceLog" not used in CodeTools
/home/mattias/pascal/wichtig/lazarus/components/codetools/codetools.pas(18,17) Hint: (5023) Unit "OtherIdentifierTree" not used in CodeTools
/home/mattias/pascal/wichtig/lazarus/components/codetools/codetools.pas(18,38) Hint: (5023) Unit "CodeToolsCfgScript" not used in CodeTools
/home/mattias/pascal/wichtig/lazarus/components/codetools/codetools.pas(18,58) Hint: (5023) Unit "CTXMLFixFragment" not used in CodeTools
/home/mattias/pascal/wichtig/lazarus/components/codetools/codetools.pas(18,76) Hint: (5023) Unit "CTUnitGraph" not used in CodeTools
/home/mattias/pascal/wichtig/lazarus/components/codetools/codetools.pas(19,3) Hint: (5023) Unit "ChangeDeclarationTool" not used in CodeTools
/home/mattias/pascal/wichtig/lazarus/components/codetools/codetools.pas(19,44) Hint: (5023) Unit "UnitDictionary" not used in CodeTools
/home/mattias/pascal/wichtig/lazarus/components/codetools/codetools.pas(19,71) Hint: (5023) Unit "CTUnitGroupGraph" not used in CodeTools
/home/mattias/pascal/wichtig/lazarus/components/codetools/codetools.pas(20,3) Hint: (5023) Unit "CodeCompletionTemplater" not used in CodeTools
/home/mattias/pascal/wichtig/lazarus/components/codetools/codetools.pas(20,28) Hint: (5023) Unit "CodetoolGDBTracer" not used in CodeTools
/home/mattias/pascal/wichtig/lazarus/components/codetools/codetools.pas(20,47) Hint: (5023) Unit "CTFileChksums" not used in CodeTools
(1008) 142937 lines compiled, 3.6 sec
(1021) 3 warning(s) issued
(1022) 134 hint(s) issued
(1023) 7 note(s) issued
Info: (lazarus) Execute Title="Compile package IdeConfig 1.0"
Info: (lazarus) Working Directory="/home/mattias/pascal/wichtig/lazarus/ide/packages/ideconfig/"
Info: (lazarus) Executable="/usr/lib/fpc/3.2.4/ppcx64"
Info: (lazarus) Param[0]="-MObjFPC"
Info: (lazarus) Param[1]="-Scghi"
Info: (lazarus) Param[2]="-Cg"
Info: (lazarus) Param[3]="-O1"
Info: (lazarus) Param[4]="-g"
Info: (lazarus) Param[5]="-gl"
Info: (lazarus) Param[6]="-l"
Info: (lazarus) Param[7]="-vewnhibq"
Info: (lazarus) Param[8]="-Fi/home/mattias/pascal/wichtig/lazarus/ide/packages/ideconfig/include"
Info: (lazarus) Param[9]="-Fi/home/mattias/pascal/wichtig/lazarus/ide/packages/ideconfig/include/linux"
Info: (lazarus) Param[10]="-Fu/home/mattias/pascal/wichtig/lazarus/ide/packages/ideconfig/"
Info: (lazarus) Param[11]="-Fu/home/mattias/pascal/wichtig/lazarus/packager/units/x86_64-linux"
Info: (lazarus) Param[12]="-Fu/home/mattias/pascal/wichtig/lazarus/components/lazutils/lib/x86_64-linux"
Info: (lazarus) Param[13]="-Fu/home/mattias/pascal/wichtig/lazarus/components/buildintf/units/x86_64-linux"
Info: (lazarus) Param[14]="-Fu/home/mattias/pascal/wichtig/lazarus/components/codetools/units/x86_64-linux"
Info: (lazarus) Param[15]="-Fu/home/mattias/pascal/wichtig/lazarus/components/lazdebuggers/lazdebuggerintf/lib/x86_64-linux"
Info: (lazarus) Param[16]="-Fu/home/mattias/pascal/wichtig/lazarus/components/debuggerintf/lib/x86_64-linux"
Info: (lazarus) Param[17]="-FU/home/mattias/pascal/wichtig/lazarus/ide/packages/ideconfig/lib/x86_64-linux/"
Info: (lazarus) Param[18]="ideconfig.pas"
Info: (lazarus) Param[19]="-B"
(3104) Compiling ./widgetset/wstoolwin.pp
/home/mattias/pascal/wichtig/lazarus/lcl/./include/toolbar.inc(138,62) Warning: (5066) Symbol "GetDetailSize" is deprecated: "use GetDetailSizeForPPI"
Hint: (11030) Start of reading config file /home/mattias/.fpc.cfg
Hint: (11030) Start of reading config file /etc/fpc.cfg
Hint: (11031) End of reading config file /etc/fpc.cfg
Hint: (11031) End of reading config file /home/mattias/.fpc.cfg
Free Pascal Compiler version 3.2.4-rc1 [2025/04/09] for x86_64
Copyright (c) 1993-2024 by Florian Klaempfl and others
(1002) Target OS: Linux for x86-64
(3104) Compiling ideconfig.pas
(3104) Compiling applicationbundle.pas
(3104) Compiling dialogprocs.pas
(3104) Compiling ideconfstrconsts.pas
(1010) Writing Resource String Table file: ideconfstrconsts.rsj
(3104) Compiling basebuildmanager.pas
(3104) Compiling lazconf.pp
/home/mattias/pascal/wichtig/lazarus/ide/packages/ideconfig/lazconf.pp(101,41) Hint: (5024) Parameter "FPCVersion" not used
/home/mattias/pascal/wichtig/lazarus/ide/packages/ideconfig/lazconf.pp(101,58) Hint: (5024) Parameter "FPCRelease" not used
(3104) Compiling transfermacros.pp
/home/mattias/pascal/wichtig/lazarus/ide/packages/ideconfig/transfermacros.pp(66,55) Hint: (5024) Parameter "Data" not used
/home/mattias/pascal/wichtig/lazarus/ide/packages/ideconfig/transfermacros.pp(66,78) Hint: (5024) Parameter "Abort" not used
/home/mattias/pascal/wichtig/lazarus/ide/packages/ideconfig/transfermacros.pp(67,56) Hint: (5024) Parameter "Data" not used
/home/mattias/pascal/wichtig/lazarus/ide/packages/ideconfig/transfermacros.pp(67,79) Hint: (5024) Parameter "Abort" not used
/home/mattias/pascal/wichtig/lazarus/ide/packages/ideconfig/transfermacros.pp(68,56) Hint: (5024) Parameter "Data" not used
/home/mattias/pascal/wichtig/lazarus/ide/packages/ideconfig/transfermacros.pp(68,79) Hint: (5024) Parameter "Abort" not used
/home/mattias/pascal/wichtig/lazarus/ide/packages/ideconfig/transfermacros.pp(69,60) Hint: (5024) Parameter "Data" not used
/home/mattias/pascal/wichtig/lazarus/ide/packages/ideconfig/transfermacros.pp(69,83) Hint: (5024) Parameter "Abort" not used
/home/mattias/pascal/wichtig/lazarus/ide/packages/ideconfig/transfermacros.pp(70,59) Hint: (5024) Parameter "Data" not used
/home/mattias/pascal/wichtig/lazarus/ide/packages/ideconfig/transfermacros.pp(70,82) Hint: (5024) Parameter "Abort" not used
/home/mattias/pascal/wichtig/lazarus/ide/packages/ideconfig/transfermacros.pp(71,60) Hint: (5024) Parameter "Data" not used
/home/mattias/pascal/wichtig/lazarus/ide/packages/ideconfig/transfermacros.pp(71,83) Hint: (5024) Parameter "Abort" not used
/home/mattias/pascal/wichtig/lazarus/ide/packages/ideconfig/transfermacros.pp(72,62) Hint: (5024) Parameter "Data" not used
/home/mattias/pascal/wichtig/lazarus/ide/packages/ideconfig/transfermacros.pp(72,85) Hint: (5024) Parameter "Abort" not used
/home/mattias/pascal/wichtig/lazarus/ide/packages/ideconfig/transfermacros.pp(73,56) Hint: (5024) Parameter "Data" not used
/home/mattias/pascal/wichtig/lazarus/lcl/./include/toolbar.inc(140,64) Warning: (5066) Symbol "GetDetailSize" is deprecated: "use GetDetailSizeForPPI"
(3104) Compiling dialogres.pas
/home/mattias/pascal/wichtig/lazarus/lcl/dialogs.pp(759,21) Warning: (5066) Symbol "THandle" is deprecated: "Use TLCLHandle instead of this redefined THandle"
(3104) Compiling ./widgetset/wsdialogs.pp
(3104) Compiling taskdlgemulation.pp
/home/mattias/pascal/wichtig/lazarus/lcl/taskdlgemulation.pp(921,8) Warning: (4040) Class types "TTaskDialog" and "TTaskDialogAccess" are not related
/home/mattias/pascal/wichtig/lazarus/lcl/taskdlgemulation.pp(938,8) Warning: (4040) Class types "TTaskDialog" and "TTaskDialogAccess" are not related
/home/mattias/pascal/wichtig/lazarus/lcl/taskdlgemulation.pp(948,8) Warning: (4040) Class types "TTaskDialog" and "TTaskDialogAccess" are not related
/home/mattias/pascal/wichtig/lazarus/lcl/taskdlgemulation.pp(960,8) Warning: (4040) Class types "TTaskDialog" and "TTaskDialogAccess" are not related
/home/mattias/pascal/wichtig/lazarus/ide/packages/ideconfig/transfermacros.pp(73,79) Hint: (5024) Parameter "Abort" not used
(3104) Compiling parsedcompileropts.pas
(3104) Compiling environmentopts.pp
(3104) Compiling ideoptiondefs.pas
/home/mattias/pascal/wichtig/lazarus/ide/packages/ideconfig/ideoptiondefs.pas(210,29) Hint: (5024) Parameter "Sender" not used
(3104) Compiling recentlistprocs.pas
(3104) Compiling idexmlconfigprocs.pas
(3104) Compiling searchpathprocs.pas
(3104) Compiling modematrixopts.pas
/home/mattias/pascal/wichtig/lazarus/ide/packages/ideconfig/modematrixopts.pas(304,24) Hint: (5094) Function result variable of a managed type does not seem to be initialized
/home/mattias/pascal/wichtig/lazarus/ide/packages/ideconfig/modematrixopts.pas(731,27) Hint: (5091) Local variable "CurMode" of a managed type does not seem to be initialized
(3104) Compiling compileroptions.pp
(3104) Compiling ideprocs.pp
/home/mattias/pascal/wichtig/lazarus/ide/packages/ideconfig/ideprocs.pp(440,36) Hint: (5024) Parameter "FileName" not used
/home/mattias/pascal/wichtig/lazarus/ide/packages/ideconfig/ideprocs.pp(472,35) Hint: (5057) Local variable "OldInfo" does not seem to be initialized
(3104) Compiling compoptsmodes.pas
(3104) Compiling etfpcmsgfilepool.pas
/home/mattias/pascal/wichtig/lazarus/lcl/taskdlgemulation.pp(1053,8) Warning: (4040) Class types "TTaskDialog" and "TTaskDialogAccess" are not related
/home/mattias/pascal/wichtig/lazarus/lcl/taskdlgemulation.pp(1054,8) Warning: (4040) Class types "TTaskDialog" and "TTaskDialogAccess" are not related
/home/mattias/pascal/wichtig/lazarus/lcl/taskdlgemulation.pp(1062,8) Warning: (4040) Class types "TTaskDialog" and "TTaskDialogAccess" are not related
/home/mattias/pascal/wichtig/lazarus/lcl/taskdlgemulation.pp(1070,8) Warning: (4040) Class types "TTaskDialog" and "TTaskDialogAccess" are not related
/home/mattias/pascal/wichtig/lazarus/lcl/taskdlgemulation.pp(1078,8) Warning: (4040) Class types "TTaskDialog" and "TTaskDialogAccess" are not related
/home/mattias/pascal/wichtig/lazarus/lcl/taskdlgemulation.pp(1090,8) Warning: (4040) Class types "TTaskDialog" and "TTaskDialogAccess" are not related
/home/mattias/pascal/wichtig/lazarus/lcl/./include/promptdialog.inc(814,20) Warning: (5066) Symbol "GetDialogIcon" is deprecated: "Use DialogRes.DialogGlyphs"
/home/mattias/pascal/wichtig/lazarus/lcl/./include/promptdialog.inc(819,18) Warning: (5066) Symbol "GetDialogIcon" is deprecated: "Use DialogRes.DialogGlyphs"
(3104) Compiling comboex.pas
(3104) Compiling customdrawn_android.pas
(3104) Compiling customdrawndrawers.pas
(3104) Compiling customdrawn_common.pas
/home/mattias/pascal/wichtig/lazarus/ide/packages/ideconfig/compileroptions.pp(3251,35) Warning: (6018) unreachable code
/home/mattias/pascal/wichtig/lazarus/ide/packages/ideconfig/compileroptions.pp(83,38) Hint: (5024) Parameter "DoSwitchPathDelims" not used
/home/mattias/pascal/wichtig/lazarus/ide/packages/ideconfig/compileroptions.pp(85,36) Hint: (5024) Parameter "UsePathDelim" not used
(3104) Compiling idetransfermacros.pas
(3104) Compiling idetranslations.pas
/home/mattias/pascal/wichtig/lazarus/ide/packages/ideconfig/idetransfermacros.pas(24,48) Hint: (5024) Parameter "s" not used
/home/mattias/pascal/wichtig/lazarus/ide/packages/ideconfig/idetransfermacros.pas(24,69) Hint: (5024) Parameter "Data" not used
/home/mattias/pascal/wichtig/lazarus/ide/packages/ideconfig/idetransfermacros.pas(25,40) Hint: (5024) Parameter "Abort" not used
/home/mattias/pascal/wichtig/lazarus/ide/packages/ideconfig/idetransfermacros.pas(21,47) Hint: (5024) Parameter "s" not used
/home/mattias/pascal/wichtig/lazarus/ide/packages/ideconfig/idetransfermacros.pas(21,68) Hint: (5024) Parameter "Data" not used
/home/mattias/pascal/wichtig/lazarus/ide/packages/ideconfig/idetransfermacros.pas(22,43) Hint: (5024) Parameter "Abort" not used
/home/mattias/pascal/wichtig/lazarus/ide/packages/ideconfig/idetransfermacros.pas(27,50) Hint: (5024) Parameter "s" not used
/home/mattias/pascal/wichtig/lazarus/ide/packages/ideconfig/idetransfermacros.pas(27,71) Hint: (5024) Parameter "Data" not used
/home/mattias/pascal/wichtig/lazarus/ide/packages/ideconfig/idetransfermacros.pas(28,42) Hint: (5024) Parameter "Abort" not used
/home/mattias/pascal/wichtig/lazarus/ide/packages/ideconfig/idetransfermacros.pas(29,51) Hint: (5024) Parameter "s" not used
/home/mattias/pascal/wichtig/lazarus/ide/packages/ideconfig/idetransfermacros.pas(29,72) Hint: (5024) Parameter "Data" not used
/home/mattias/pascal/wichtig/lazarus/ide/packages/ideconfig/idetransfermacros.pas(30,43) Hint: (5024) Parameter "Abort" not used
/home/mattias/pascal/wichtig/lazarus/ide/packages/ideconfig/idetransfermacros.pas(31,51) Hint: (5024) Parameter "s" not used
/home/mattias/pascal/wichtig/lazarus/ide/packages/ideconfig/idetransfermacros.pas(31,72) Hint: (5024) Parameter "Data" not used
/home/mattias/pascal/wichtig/lazarus/ide/packages/ideconfig/idetransfermacros.pas(32,43) Hint: (5024) Parameter "Abort" not used
/home/mattias/pascal/wichtig/lazarus/ide/packages/ideconfig/idetransfermacros.pas(33,53) Hint: (5024) Parameter "s" not used
/home/mattias/pascal/wichtig/lazarus/ide/packages/ideconfig/idetransfermacros.pas(33,74) Hint: (5024) Parameter "Data" not used
/home/mattias/pascal/wichtig/lazarus/ide/packages/ideconfig/idetransfermacros.pas(34,45) Hint: (5024) Parameter "Abort" not used
/home/mattias/pascal/wichtig/lazarus/ide/packages/ideconfig/idetransfermacros.pas(35,48) Hint: (5024) Parameter "s" not used
/home/mattias/pascal/wichtig/lazarus/ide/packages/ideconfig/idetransfermacros.pas(35,69) Hint: (5024) Parameter "Data" not used
/home/mattias/pascal/wichtig/lazarus/ide/packages/ideconfig/idetransfermacros.pas(36,40) Hint: (5024) Parameter "Abort" not used
/home/mattias/pascal/wichtig/lazarus/ide/packages/ideconfig/basebuildmanager.pas(66,44) Hint: (5024) Parameter "Data" not used
/home/mattias/pascal/wichtig/lazarus/ide/packages/ideconfig/basebuildmanager.pas(66,76) Hint: (5024) Parameter "Abort" not used
/home/mattias/pascal/wichtig/lazarus/ide/packages/ideconfig/basebuildmanager.pas(67,38) Hint: (5024) Parameter "Depth" not used
/home/mattias/pascal/wichtig/lazarus/ide/packages/ideconfig/basebuildmanager.pas(68,44) Hint: (5024) Parameter "Options" not used
/home/mattias/pascal/wichtig/lazarus/ide/packages/ideconfig/basebuildmanager.pas(77,44) Hint: (5024) Parameter "Param" not used
/home/mattias/pascal/wichtig/lazarus/ide/packages/ideconfig/basebuildmanager.pas(77,70) Hint: (5024) Parameter "Data" not used
/home/mattias/pascal/wichtig/lazarus/ide/packages/ideconfig/basebuildmanager.pas(78,39) Hint: (5024) Parameter "Abort" not used
/home/mattias/pascal/wichtig/lazarus/ide/packages/ideconfig/basebuildmanager.pas(97,66) Hint: (5024) Parameter "Data" not used
/home/mattias/pascal/wichtig/lazarus/ide/packages/ideconfig/basebuildmanager.pas(98,40) Hint: (5024) Parameter "Abort" not used
/home/mattias/pascal/wichtig/lazarus/ide/packages/ideconfig/basebuildmanager.pas(99,66) Hint: (5024) Parameter "Data" not used
/home/mattias/pascal/wichtig/lazarus/ide/packages/ideconfig/basebuildmanager.pas(100,40) Hint: (5024) Parameter "Abort" not used
/home/mattias/pascal/wichtig/lazarus/ide/packages/ideconfig/basebuildmanager.pas(101,50) Hint: (5024) Parameter "Param" not used
/home/mattias/pascal/wichtig/lazarus/ide/packages/ideconfig/basebuildmanager.pas(101,76) Hint: (5024) Parameter "Data" not used
/home/mattias/pascal/wichtig/lazarus/ide/packages/ideconfig/basebuildmanager.pas(102,37) Hint: (5024) Parameter "Abort" not used
/home/mattias/pascal/wichtig/lazarus/ide/packages/ideconfig/basebuildmanager.pas(105,63) Hint: (5024) Parameter "Data" not used
/home/mattias/pascal/wichtig/lazarus/ide/packages/ideconfig/basebuildmanager.pas(106,40) Hint: (5024) Parameter "Abort" not used
/home/mattias/pascal/wichtig/lazarus/ide/packages/ideconfig/basebuildmanager.pas(91,48) Hint: (5024) Parameter "Param" not used
/home/mattias/pascal/wichtig/lazarus/ide/packages/ideconfig/basebuildmanager.pas(92,46) Hint: (5024) Parameter "Abort" not used
/home/mattias/pascal/wichtig/lazarus/ide/packages/ideconfig/basebuildmanager.pas(93,67) Hint: (5024) Parameter "Data" not used
/home/mattias/pascal/wichtig/lazarus/ide/packages/ideconfig/basebuildmanager.pas(94,46) Hint: (5024) Parameter "Abort" not used
/home/mattias/pascal/wichtig/lazarus/ide/packages/ideconfig/basebuildmanager.pas(130,42) Hint: (5024) Parameter "Abort" not used
/home/mattias/pascal/wichtig/lazarus/ide/packages/ideconfig/basebuildmanager.pas(134,41) Hint: (5024) Parameter "Abort" not used
/home/mattias/pascal/wichtig/lazarus/ide/packages/ideconfig/basebuildmanager.pas(137,52) Hint: (5024) Parameter "Param" not used
/home/mattias/pascal/wichtig/lazarus/ide/packages/ideconfig/basebuildmanager.pas(137,78) Hint: (5024) Parameter "Data" not used
/home/mattias/pascal/wichtig/lazarus/ide/packages/ideconfig/basebuildmanager.pas(138,50) Hint: (5024) Parameter "Abort" not used
/home/mattias/pascal/wichtig/lazarus/ide/packages/ideconfig/basebuildmanager.pas(139,54) Hint: (5024) Parameter "Param" not used
/home/mattias/pascal/wichtig/lazarus/ide/packages/ideconfig/basebuildmanager.pas(139,80) Hint: (5024) Parameter "Data" not used
/home/mattias/pascal/wichtig/lazarus/ide/packages/ideconfig/basebuildmanager.pas(140,52) Hint: (5024) Parameter "Abort" not used
/home/mattias/pascal/wichtig/lazarus/ide/packages/ideconfig/basebuildmanager.pas(141,53) Hint: (5024) Parameter "Param" not used
/home/mattias/pascal/wichtig/lazarus/ide/packages/ideconfig/basebuildmanager.pas(141,79) Hint: (5024) Parameter "Data" not used
/home/mattias/pascal/wichtig/lazarus/ide/packages/ideconfig/basebuildmanager.pas(142,51) Hint: (5024) Parameter "Abort" not used
/home/mattias/pascal/wichtig/lazarus/ide/packages/ideconfig/basebuildmanager.pas(124,38) Hint: (5024) Parameter "Abort" not used
/home/mattias/pascal/wichtig/lazarus/ide/packages/ideconfig/basebuildmanager.pas(126,42) Hint: (5024) Parameter "Abort" not used
/home/mattias/pascal/wichtig/lazarus/ide/packages/ideconfig/basebuildmanager.pas(87,41) Hint: (5024) Parameter "Param" not used
/home/mattias/pascal/wichtig/lazarus/ide/packages/ideconfig/basebuildmanager.pas(87,67) Hint: (5024) Parameter "Data" not used
/home/mattias/pascal/wichtig/lazarus/ide/packages/ideconfig/basebuildmanager.pas(88,39) Hint: (5024) Parameter "Abort" not used
/home/mattias/pascal/wichtig/lazarus/ide/packages/ideconfig/basebuildmanager.pas(103,41) Hint: (5024) Parameter "Param" not used
/home/mattias/pascal/wichtig/lazarus/ide/packages/ideconfig/basebuildmanager.pas(103,67) Hint: (5024) Parameter "Data" not used
/home/mattias/pascal/wichtig/lazarus/ide/packages/ideconfig/basebuildmanager.pas(104,39) Hint: (5024) Parameter "Abort" not used
/home/mattias/pascal/wichtig/lazarus/ide/packages/ideconfig/basebuildmanager.pas(107,43) Hint: (5024) Parameter "Param" not used
/home/mattias/pascal/wichtig/lazarus/ide/packages/ideconfig/basebuildmanager.pas(107,69) Hint: (5024) Parameter "Data" not used
/home/mattias/pascal/wichtig/lazarus/ide/packages/ideconfig/basebuildmanager.pas(108,41) Hint: (5024) Parameter "Abort" not used
/home/mattias/pascal/wichtig/lazarus/ide/packages/ideconfig/basebuildmanager.pas(115,43) Hint: (5024) Parameter "Param" not used
/home/mattias/pascal/wichtig/lazarus/ide/packages/ideconfig/basebuildmanager.pas(115,69) Hint: (5024) Parameter "Data" not used
/home/mattias/pascal/wichtig/lazarus/ide/packages/ideconfig/basebuildmanager.pas(116,41) Hint: (5024) Parameter "Abort" not used
/home/mattias/pascal/wichtig/lazarus/ide/packages/ideconfig/basebuildmanager.pas(131,45) Hint: (5024) Parameter "Param" not used
/home/mattias/pascal/wichtig/lazarus/ide/packages/ideconfig/basebuildmanager.pas(131,71) Hint: (5024) Parameter "Data" not used
/home/mattias/pascal/wichtig/lazarus/ide/packages/ideconfig/basebuildmanager.pas(132,43) Hint: (5024) Parameter "Abort" not used
/home/mattias/pascal/wichtig/lazarus/ide/packages/ideconfig/basebuildmanager.pas(135,45) Hint: (5024) Parameter "Param" not used
/home/mattias/pascal/wichtig/lazarus/ide/packages/ideconfig/basebuildmanager.pas(135,71) Hint: (5024) Parameter "Data" not used
/home/mattias/pascal/wichtig/lazarus/ide/packages/ideconfig/basebuildmanager.pas(136,43) Hint: (5024) Parameter "Abort" not used
/home/mattias/pascal/wichtig/lazarus/ide/packages/ideconfig/basebuildmanager.pas(127,48) Hint: (5024) Parameter "Param" not used
/home/mattias/pascal/wichtig/lazarus/ide/packages/ideconfig/basebuildmanager.pas(127,74) Hint: (5024) Parameter "Data" not used
/home/mattias/pascal/wichtig/lazarus/ide/packages/ideconfig/basebuildmanager.pas(128,46) Hint: (5024) Parameter "Abort" not used
/home/mattias/pascal/wichtig/lazarus/ide/packages/ideconfig/basebuildmanager.pas(121,45) Hint: (5024) Parameter "Param" not used
/home/mattias/pascal/wichtig/lazarus/ide/packages/ideconfig/basebuildmanager.pas(121,71) Hint: (5024) Parameter "Data" not used
/home/mattias/pascal/wichtig/lazarus/ide/packages/ideconfig/basebuildmanager.pas(122,43) Hint: (5024) Parameter "Abort" not used
/home/mattias/pascal/wichtig/lazarus/ide/packages/ideconfig/basebuildmanager.pas(119,47) Hint: (5024) Parameter "Param" not used
/home/mattias/pascal/wichtig/lazarus/ide/packages/ideconfig/basebuildmanager.pas(119,73) Hint: (5024) Parameter "Data" not used
/home/mattias/pascal/wichtig/lazarus/ide/packages/ideconfig/basebuildmanager.pas(120,45) Hint: (5024) Parameter "Abort" not used
/home/mattias/pascal/wichtig/lazarus/ide/packages/ideconfig/basebuildmanager.pas(109,46) Hint: (5024) Parameter "Param" not used
/home/mattias/pascal/wichtig/lazarus/ide/packages/ideconfig/basebuildmanager.pas(109,72) Hint: (5024) Parameter "Data" not used
/home/mattias/pascal/wichtig/lazarus/ide/packages/ideconfig/basebuildmanager.pas(110,44) Hint: (5024) Parameter "Abort" not used
/home/mattias/pascal/wichtig/lazarus/ide/packages/ideconfig/basebuildmanager.pas(111,49) Hint: (5024) Parameter "Param" not used
/home/mattias/pascal/wichtig/lazarus/ide/packages/ideconfig/basebuildmanager.pas(111,75) Hint: (5024) Parameter "Data" not used
/home/mattias/pascal/wichtig/lazarus/ide/packages/ideconfig/basebuildmanager.pas(112,45) Hint: (5024) Parameter "Abort" not used
/home/mattias/pascal/wichtig/lazarus/ide/packages/ideconfig/basebuildmanager.pas(117,46) Hint: (5024) Parameter "Param" not used
/home/mattias/pascal/wichtig/lazarus/ide/packages/ideconfig/basebuildmanager.pas(117,72) Hint: (5024) Parameter "Data" not used
/home/mattias/pascal/wichtig/lazarus/ide/packages/ideconfig/basebuildmanager.pas(118,44) Hint: (5024) Parameter "Abort" not used
/home/mattias/pascal/wichtig/lazarus/ide/packages/ideconfig/basebuildmanager.pas(113,45) Hint: (5024) Parameter "Param" not used
/home/mattias/pascal/wichtig/lazarus/ide/packages/ideconfig/basebuildmanager.pas(113,71) Hint: (5024) Parameter "Data" not used
/home/mattias/pascal/wichtig/lazarus/ide/packages/ideconfig/basebuildmanager.pas(114,43) Hint: (5024) Parameter "Abort" not used
/home/mattias/pascal/wichtig/lazarus/ide/packages/ideconfig/basebuildmanager.pas(79,59) Hint: (5024) Parameter "Data" not used
/home/mattias/pascal/wichtig/lazarus/ide/packages/ideconfig/basebuildmanager.pas(80,36) Hint: (5024) Parameter "Abort" not used
/home/mattias/pascal/wichtig/lazarus/ide/packages/ideconfig/basebuildmanager.pas(81,64) Hint: (5024) Parameter "Data" not used
/home/mattias/pascal/wichtig/lazarus/ide/packages/ideconfig/basebuildmanager.pas(82,41) Hint: (5024) Parameter "Abort" not used
/home/mattias/pascal/wichtig/lazarus/ide/packages/ideconfig/basebuildmanager.pas(83,45) Hint: (5024) Parameter "Param" not used
/home/mattias/pascal/wichtig/lazarus/ide/packages/ideconfig/basebuildmanager.pas(83,71) Hint: (5024) Parameter "Data" not used
/home/mattias/pascal/wichtig/lazarus/ide/packages/ideconfig/basebuildmanager.pas(84,36) Hint: (5024) Parameter "Abort" not used
/home/mattias/pascal/wichtig/lazarus/ide/packages/ideconfig/basebuildmanager.pas(95,39) Hint: (5024) Parameter "Param" not used
/home/mattias/pascal/wichtig/lazarus/ide/packages/ideconfig/basebuildmanager.pas(95,65) Hint: (5024) Parameter "Data" not used
/home/mattias/pascal/wichtig/lazarus/ide/packages/ideconfig/basebuildmanager.pas(96,37) Hint: (5024) Parameter "Abort" not used
(3104) Compiling compiler.pp
(3104) Compiling idecmdline.pas
/home/mattias/pascal/wichtig/lazarus/ide/packages/ideconfig/compiler.pp(853,23) Hint: (5091) Local variable "Bools" of a managed type does not seem to be initialized
/home/mattias/pascal/wichtig/lazarus/ide/packages/ideconfig/compiler.pp(1352,53) Hint: (4055) Conversion between ordinals and pointers is not portable
/home/mattias/pascal/wichtig/lazarus/ide/packages/ideconfig/compiler.pp(1376,53) Hint: (4055) Conversion between ordinals and pointers is not portable
/home/mattias/pascal/wichtig/lazarus/ide/packages/ideconfig/compiler.pp(1385,46) Hint: (4055) Conversion between ordinals and pointers is not portable
(3104) Compiling coolbaroptions.pas
(3104) Compiling toolbaroptionsbase.pas
/usr/lib/fpc/3.2.4/units/x86_64-linux/rtl/fgl.ppu:fgl.pp(1109,3) Note: (5025) Local variable "P" not used
(3104) Compiling diffpatch.pas
(3104) Compiling editdefinetree.pas
(3104) Compiling editortoolbaroptions.pas
(3104) Compiling etfpcmsgparser.pas
(3104) Compiling etmakemsgparser.pas
/home/mattias/pascal/wichtig/lazarus/ide/packages/ideconfig/etmakemsgparser.pas(134,24) Hint: (5094) Function result variable of a managed type does not seem to be initialized
/home/mattias/pascal/wichtig/lazarus/ide/packages/ideconfig/etmakemsgparser.pas(347,30) Hint: (5091) Local variable "Filename" of a managed type does not seem to be initialized
(3104) Compiling findprojpackunit.pas
/home/mattias/pascal/wichtig/lazarus/ide/packages/ideconfig/etfpcmsgparser.pas(382,30) Hint: (4055) Conversion between ordinals and pointers is not portable
(3104) Compiling customdrawn_mac.pas
(3104) Compiling customdrawn_winxp.pas
(3104) Compiling customdrawncontrols.pas
(3104) Compiling lclmessageglue.pas
(3104) Compiling ./nonwin32/messages.pp
(3104) Compiling dbactns.pp
(3104) Compiling dbctrls.pp
/home/mattias/pascal/wichtig/lazarus/ide/packages/ideconfig/etfpcmsgparser.pas(384,30) Hint: (4055) Conversion between ordinals and pointers is not portable
(3104) Compiling etpas2jsmsgparser.pas
/home/mattias/pascal/wichtig/lazarus/ide/packages/ideconfig/etpas2jsmsgparser.pas(50,36) Hint: (5024) Parameter "CompilerFilename" not used
/home/mattias/pascal/wichtig/lazarus/ide/packages/ideconfig/etpas2jsmsgparser.pas(50,59) Hint: (5024) Parameter "TargetOS" not used
/home/mattias/pascal/wichtig/lazarus/ide/packages/ideconfig/etpas2jsmsgparser.pas(50,74) Hint: (5024) Parameter "TargetCPU" not used
(3104) Compiling exttools.pas
/home/mattias/pascal/wichtig/lazarus/ide/packages/ideconfig/exttools.pas(1651,21) Hint: (5091) Local variable "Buf" of a managed type does not seem to be initialized
(3104) Compiling exttoolsconsole.pas
/home/mattias/pascal/wichtig/lazarus/ide/packages/ideconfig/exttoolsconsole.pas(28,39) Hint: (5024) Parameter "AThread" not used
/home/mattias/pascal/wichtig/lazarus/ide/packages/ideconfig/exttoolsconsole.pas(29,27) Hint: (5024) Parameter "Sender" not used
/home/mattias/pascal/wichtig/lazarus/ide/packages/ideconfig/exttoolsconsole.pas(29,49) Hint: (5024) Parameter "FirstNewMsgLine" not used
/home/mattias/pascal/wichtig/lazarus/ide/packages/ideconfig/exttoolsconsole.pas(62,32) Hint: (5024) Parameter "ToolData" not used
(3104) Compiling fppkghelper.pas
(3104) Compiling idebuilder.pas
(3104) Compiling miscoptions.pas
(3104) Compiling ideconfigpcktest.pas
(3104) Compiling ideguicmdline.pas
(3104) Compiling initialsetupproc.pas
(3104) Compiling projectbuildmode.pas
/home/mattias/pascal/wichtig/lazarus/ide/packages/ideconfig/projectbuildmode.pas(85,27) Hint: (5024) Parameter "Sender" not used
(3104) Compiling projpackcommon.pas
(3104) Compiling resourceconvertproc.pas
(3104) Compiling compilertargetinfo.pas
/home/mattias/pascal/wichtig/lazarus/ide/packages/ideconfig/ideconfig.pas(11,3) Hint: (5023) Unit "ApplicationBundle" not used in IdeConfig
/home/mattias/pascal/wichtig/lazarus/ide/packages/ideconfig/ideconfig.pas(11,22) Hint: (5023) Unit "BaseBuildManager" not used in IdeConfig
/home/mattias/pascal/wichtig/lazarus/ide/packages/ideconfig/ideconfig.pas(11,40) Hint: (5023) Unit "Compiler" not used in IdeConfig
/home/mattias/pascal/wichtig/lazarus/ide/packages/ideconfig/ideconfig.pas(12,3) Hint: (5023) Unit "CompOptsModes" not used in IdeConfig
/home/mattias/pascal/wichtig/lazarus/ide/packages/ideconfig/ideconfig.pas(12,18) Hint: (5023) Unit "CoolBarOptions" not used in IdeConfig
/home/mattias/pascal/wichtig/lazarus/ide/packages/ideconfig/ideconfig.pas(12,34) Hint: (5023) Unit "DialogProcs" not used in IdeConfig
/home/mattias/pascal/wichtig/lazarus/ide/packages/ideconfig/ideconfig.pas(12,58) Hint: (5023) Unit "EditDefineTree" not used in IdeConfig
/home/mattias/pascal/wichtig/lazarus/ide/packages/ideconfig/ideconfig.pas(13,3) Hint: (5023) Unit "EditorToolBarOptions" not used in IdeConfig
/home/mattias/pascal/wichtig/lazarus/ide/packages/ideconfig/ideconfig.pas(13,42) Hint: (5023) Unit "etFPCMsgFilePool" not used in IdeConfig
/home/mattias/pascal/wichtig/lazarus/ide/packages/ideconfig/ideconfig.pas(14,3) Hint: (5023) Unit "etMakeMsgParser" not used in IdeConfig
/home/mattias/pascal/wichtig/lazarus/ide/packages/ideconfig/ideconfig.pas(14,39) Hint: (5023) Unit "ExtTools" not used in IdeConfig
/home/mattias/pascal/wichtig/lazarus/ide/packages/ideconfig/ideconfig.pas(14,49) Hint: (5023) Unit "ExtToolsConsole" not used in IdeConfig
/home/mattias/pascal/wichtig/lazarus/ide/packages/ideconfig/ideconfig.pas(15,3) Hint: (5023) Unit "FindProjPackUnit" not used in IdeConfig
/home/mattias/pascal/wichtig/lazarus/ide/packages/ideconfig/ideconfig.pas(15,34) Hint: (5023) Unit "IdeBuilder" not used in IdeConfig
/home/mattias/pascal/wichtig/lazarus/ide/packages/ideconfig/ideconfig.pas(15,58) Hint: (5023) Unit "IdeConfigPckTest" not used in IdeConfig
/home/mattias/pascal/wichtig/lazarus/ide/packages/ideconfig/ideconfig.pas(16,3) Hint: (5023) Unit "IdeConfStrConsts" not used in IdeConfig
/home/mattias/pascal/wichtig/lazarus/ide/packages/ideconfig/ideconfig.pas(16,21) Hint: (5023) Unit "IDEGuiCmdLine" not used in IdeConfig
/home/mattias/pascal/wichtig/lazarus/ide/packages/ideconfig/ideconfig.pas(16,61) Hint: (5023) Unit "IdeTransferMacros" not used in IdeConfig
/home/mattias/pascal/wichtig/lazarus/ide/packages/ideconfig/ideconfig.pas(17,20) Hint: (5023) Unit "IdeXmlConfigProcs" not used in IdeConfig
/home/mattias/pascal/wichtig/lazarus/ide/packages/ideconfig/ideconfig.pas(17,39) Hint: (5023) Unit "InitialSetupProc" not used in IdeConfig
/home/mattias/pascal/wichtig/lazarus/ide/packages/ideconfig/ideconfig.pas(18,39) Hint: (5023) Unit "ProjectBuildMode" not used in IdeConfig
/home/mattias/pascal/wichtig/lazarus/ide/packages/ideconfig/ideconfig.pas(18,57) Hint: (5023) Unit "ProjPackCommon" not used in IdeConfig
/home/mattias/pascal/wichtig/lazarus/ide/packages/ideconfig/ideconfig.pas(19,20) Hint: (5023) Unit "ResourceConvertProc" not used in IdeConfig
/home/mattias/pascal/wichtig/lazarus/ide/packages/ideconfig/ideconfig.pas(19,41) Hint: (5023) Unit "SearchPathProcs" not used in IdeConfig
/home/mattias/pascal/wichtig/lazarus/ide/packages/ideconfig/ideconfig.pas(19,58) Hint: (5023) Unit "ToolBarOptionsBase" not used in IdeConfig
(1008) 31640 lines compiled, 1.1 sec
(1021) 1 warning(s) issued
(1022) 174 hint(s) issued
(1023) 1 note(s) issued
(3104) Compiling maskedit.pp
(3104) Compiling dbextctrls.pp
(3104) Compiling editbtn.pas
(3104) Compiling extdlgs.pas
(3104) Compiling ./forms/calcform.pas
(3104) Compiling ./widgetset/wsextdlgs.pp
(3104) Compiling groupededit.pp
Info: (lazarus) Execute Title="Compile package IdePackager 1.0"
Info: (lazarus) Working Directory="/home/mattias/pascal/wichtig/lazarus/ide/packages/idepackager/"
Info: (lazarus) Executable="/usr/lib/fpc/3.2.4/ppcx64"
Info: (lazarus) Param[0]="-MObjFPC"
Info: (lazarus) Param[1]="-Scghi"
Info: (lazarus) Param[2]="-Cg"
Info: (lazarus) Param[3]="-O1"
Info: (lazarus) Param[4]="-g"
Info: (lazarus) Param[5]="-gl"
Info: (lazarus) Param[6]="-l"
Info: (lazarus) Param[7]="-vewnhibq"
Info: (lazarus) Param[8]="-Fu/home/mattias/pascal/wichtig/lazarus/ide/packages/idepackager/"
Info: (lazarus) Param[9]="-Fu/home/mattias/pascal/wichtig/lazarus/packager/units/x86_64-linux"
Info: (lazarus) Param[10]="-Fu/home/mattias/pascal/wichtig/lazarus/components/lazutils/lib/x86_64-linux"
Info: (lazarus) Param[11]="-Fu/home/mattias/pascal/wichtig/lazarus/components/buildintf/units/x86_64-linux"
Info: (lazarus) Param[12]="-Fu/home/mattias/pascal/wichtig/lazarus/components/codetools/units/x86_64-linux"
Info: (lazarus) Param[13]="-Fu/home/mattias/pascal/wichtig/lazarus/components/lazdebuggers/lazdebuggerintf/lib/x86_64-linux"
Info: (lazarus) Param[14]="-Fu/home/mattias/pascal/wichtig/lazarus/components/debuggerintf/lib/x86_64-linux"
Info: (lazarus) Param[15]="-Fu/home/mattias/pascal/wichtig/lazarus/ide/packages/ideconfig/lib/x86_64-linux"
Info: (lazarus) Param[16]="-FU/home/mattias/pascal/wichtig/lazarus/ide/packages/idepackager/lib/x86_64-linux/"
Info: (lazarus) Param[17]="idepackager.pas"
Info: (lazarus) Param[18]="-B"
Hint: (11030) Start of reading config file /home/mattias/.fpc.cfg
Hint: (11030) Start of reading config file /etc/fpc.cfg
Hint: (11031) End of reading config file /etc/fpc.cfg
Hint: (11031) End of reading config file /home/mattias/.fpc.cfg
Free Pascal Compiler version 3.2.4-rc1 [2025/04/09] for x86_64
Copyright (c) 1993-2024 by Florian Klaempfl and others
(1002) Target OS: Linux for x86-64
(3104) Compiling idepackager.pas
(3104) Compiling basepkgmanager.pas
(3104) Compiling packagedefs.pas
(3104) Compiling idepackagerstrconsts.pas
(1010) Writing Resource String Table file: idepackagerstrconsts.rsj
/home/mattias/pascal/wichtig/lazarus/ide/packages/idepackager/packagedefs.pas(559,42) Hint: (5024) Parameter "TheMacro" not used
/home/mattias/pascal/wichtig/lazarus/ide/packages/idepackager/packagedefs.pas(564,40) Hint: (5024) Parameter "Sender" not used
/home/mattias/pascal/wichtig/lazarus/ide/packages/idepackager/packagedefs.pas(664,42) Hint: (5024) Parameter "RemoveFromUsesSection" not used
(3104) Compiling interpkgconflictfiles.pas
(3104) Compiling packagesystem.pas
(3104) Compiling packagelinks.pas
(3104) Compiling pkgsysbasepkgs.pas
/home/mattias/pascal/wichtig/lazarus/ide/packages/idepackager/packagesystem.pas(280,62) Hint: (5024) Parameter "Data" not used
/home/mattias/pascal/wichtig/lazarus/ide/packages/idepackager/packagesystem.pas(281,43) Hint: (5024) Parameter "Abort" not used
/home/mattias/pascal/wichtig/lazarus/ide/packages/idepackager/packagesystem.pas(282,66) Hint: (5024) Parameter "Data" not used
/home/mattias/pascal/wichtig/lazarus/ide/packages/idepackager/packagesystem.pas(283,47) Hint: (5024) Parameter "Abort" not used
/home/mattias/pascal/wichtig/lazarus/ide/packages/idepackager/packagesystem.pas(284,67) Hint: (5024) Parameter "Data" not used
/home/mattias/pascal/wichtig/lazarus/ide/packages/idepackager/packagesystem.pas(285,48) Hint: (5024) Parameter "Abort" not used
/home/mattias/pascal/wichtig/lazarus/ide/packages/idepackager/packagesystem.pas(286,66) Hint: (5024) Parameter "Data" not used
/home/mattias/pascal/wichtig/lazarus/ide/packages/idepackager/packagesystem.pas(287,47) Hint: (5024) Parameter "Abort" not used
/home/mattias/pascal/wichtig/lazarus/ide/packages/idepackager/packagesystem.pas(288,63) Hint: (5024) Parameter "Data" not used
/home/mattias/pascal/wichtig/lazarus/ide/packages/idepackager/packagesystem.pas(289,47) Hint: (5024) Parameter "Abort" not used
/home/mattias/pascal/wichtig/lazarus/ide/packages/idepackager/packagesystem.pas(290,65) Hint: (5024) Parameter "Data" not used
/home/mattias/pascal/wichtig/lazarus/ide/packages/idepackager/packagesystem.pas(291,47) Hint: (5024) Parameter "Abort" not used
/home/mattias/pascal/wichtig/lazarus/ide/packages/idepackager/packagesystem.pas(266,25) Hint: (5024) Parameter "Sender" not used
/home/mattias/pascal/wichtig/lazarus/ide/packages/idepackager/packagesystem.pas(437,27) Hint: (5024) Parameter "Flags" not used
/home/mattias/pascal/wichtig/lazarus/ide/packages/idepackager/interpkgconflictfiles.pas(282,36) Hint: (5024) Parameter "IsIncDir" not used
(3104) Compiling lpkcache.pas
/home/mattias/pascal/wichtig/lazarus/ide/packages/idepackager/idepackager.pas(11,19) Hint: (5023) Unit "IdePackagerStrConsts" not used in IdePackager
/home/mattias/pascal/wichtig/lazarus/ide/packages/idepackager/idepackager.pas(11,41) Hint: (5023) Unit "InterPkgConflictFiles" not used in IdePackager
/home/mattias/pascal/wichtig/lazarus/ide/packages/idepackager/idepackager.pas(11,64) Hint: (5023) Unit "LPKCache" not used in IdePackager
/home/mattias/pascal/wichtig/lazarus/ide/packages/idepackager/idepackager.pas(12,30) Hint: (5023) Unit "PackageSystem" not used in IdePackager
(1008) 15103 lines compiled, 0.6 sec
(1022) 26 hint(s) issued
(3104) Compiling ./forms/calendarpopup.pas
(3104) Compiling ./forms/timepopup.pas
(3104) Compiling grids.pas
(3104) Compiling ./widgetset/wsgrids.pp
(3104) Compiling dbgrids.pas
(3104) Compiling defaulttranslator.pas
(3104) Compiling lcltranslator.pas
(3104) Compiling extgraphics.pas
(3104) Compiling filectrl.pp
(3104) Compiling shellctrls.pas
(3104) Compiling ./widgetset/wsshellctrls.pp
/home/mattias/pascal/wichtig/lazarus/lcl/shellctrls.pas(520,15) Warning: (5044) Symbol "faHidden" is not portable
/home/mattias/pascal/wichtig/lazarus/lcl/shellctrls.pas(521,16) Warning: (5044) Symbol "faSysFile" is not portable
/home/mattias/pascal/wichtig/lazarus/lcl/shellctrls.pas(1111,55) Warning: (5044) Symbol "faHidden" is not portable
/home/mattias/pascal/wichtig/lazarus/lcl/shellctrls.pas(1111,70) Warning: (5044) Symbol "faHidden" is not portable
/home/mattias/pascal/wichtig/lazarus/lcl/shellctrls.pas(1209,71) Warning: (5044) Symbol "faHidden" is not portable
Info: (lazarus) Execute Title="Compile package IdeProject 1.0"
Info: (lazarus) Working Directory="/home/mattias/pascal/wichtig/lazarus/ide/packages/ideproject/"
Info: (lazarus) Executable="/usr/lib/fpc/3.2.4/ppcx64"
Info: (lazarus) Param[0]="-MObjFPC"
Info: (lazarus) Param[1]="-Scghi"
Info: (lazarus) Param[2]="-Cg"
Info: (lazarus) Param[3]="-O1"
Info: (lazarus) Param[4]="-g"
Info: (lazarus) Param[5]="-gl"
Info: (lazarus) Param[6]="-l"
Info: (lazarus) Param[7]="-vewnhibq"
Info: (lazarus) Param[8]="-Fu/home/mattias/pascal/wichtig/lazarus/ide/packages/ideproject/"
Info: (lazarus) Param[9]="-Fu/home/mattias/pascal/wichtig/lazarus/packager/units/x86_64-linux"
Info: (lazarus) Param[10]="-Fu/home/mattias/pascal/wichtig/lazarus/components/lazutils/lib/x86_64-linux"
Info: (lazarus) Param[11]="-Fu/home/mattias/pascal/wichtig/lazarus/components/buildintf/units/x86_64-linux"
Info: (lazarus) Param[12]="-Fu/home/mattias/pascal/wichtig/lazarus/components/codetools/units/x86_64-linux"
Info: (lazarus) Param[13]="-Fu/home/mattias/pascal/wichtig/lazarus/components/lazdebuggers/lazdebuggerintf/lib/x86_64-linux"
Info: (lazarus) Param[14]="-Fu/home/mattias/pascal/wichtig/lazarus/components/debuggerintf/lib/x86_64-linux"
Info: (lazarus) Param[15]="-Fu/home/mattias/pascal/wichtig/lazarus/ide/packages/ideconfig/lib/x86_64-linux"
Info: (lazarus) Param[16]="-Fu/home/mattias/pascal/wichtig/lazarus/ide/packages/idepackager/lib/x86_64-linux"
Info: (lazarus) Param[17]="-FU/home/mattias/pascal/wichtig/lazarus/ide/packages/ideproject/lib/x86_64-linux/"
Info: (lazarus) Param[18]="ideproject.pas"
Info: (lazarus) Param[19]="-B"
Hint: (11030) Start of reading config file /home/mattias/.fpc.cfg
Hint: (11030) Start of reading config file /etc/fpc.cfg
Hint: (11031) End of reading config file /etc/fpc.cfg
Hint: (11031) End of reading config file /home/mattias/.fpc.cfg
/home/mattias/pascal/wichtig/lazarus/lcl/shellctrls.pas(1216,47) Warning: (5044) Symbol "faHidden" is not portable
/home/mattias/pascal/wichtig/lazarus/lcl/shellctrls.pas(1603,36) Warning: (5044) Symbol "faHidden" is not portable
/home/mattias/pascal/wichtig/lazarus/lcl/shellctrls.pas(1667,41) Warning: (5044) Symbol "faHidden" is not portable
/home/mattias/pascal/wichtig/lazarus/lcl/shellctrls.pas(1667,58) Warning: (5044) Symbol "faHidden" is not portable
/home/mattias/pascal/wichtig/lazarus/lcl/shellctrls.pas(1699,57) Warning: (5044) Symbol "faHidden" is not portable
/home/mattias/pascal/wichtig/lazarus/lcl/shellctrls.pas(2512,9) Warning: (5066) Symbol "DebugLn" is deprecated: "Use DebugLogger.DebugLn instead"
/home/mattias/pascal/wichtig/lazarus/lcl/filectrl.pp(316,31) Warning: (5044) Symbol "faHidden" is not portable
/home/mattias/pascal/wichtig/lazarus/lcl/filectrl.pp(317,32) Warning: (5044) Symbol "faSysFile" is not portable
/home/mattias/pascal/wichtig/lazarus/lcl/filectrl.pp(318,33) Warning: (5043) Symbol "faVolumeId" is deprecated
/home/mattias/pascal/wichtig/lazarus/lcl/filectrl.pp(318,33) Warning: (5044) Symbol "faVolumeId" is not portable
(3104) Compiling inipropstorage.pas
(3104) Compiling jsonpropstorage.pas
(3104) Compiling lazdeviceapis.pas
(3104) Compiling ./widgetset/wslazdeviceapis.pas
(3104) Compiling lazdialogs.pas
Free Pascal Compiler version 3.2.4-rc1 [2025/04/09] for x86_64
Copyright (c) 1993-2024 by Florian Klaempfl and others
(1002) Target OS: Linux for x86-64
(3104) Compiling ideproject.pas
(3104) Compiling buildmanager.pas
(3104) Compiling project.pp
(3104) Compiling runparamoptions.pas
(3104) Compiling projectresources.pas
(3104) Compiling ideprojectstrconsts.pas
(1010) Writing Resource String Table file: ideprojectstrconsts.rsj
(3104) Compiling w32manifest.pas
/home/mattias/pascal/wichtig/lazarus/ide/packages/ideproject/w32manifest.pas(89,80) Hint: (5024) Parameter "MainFilename" not used
(3104) Compiling w32versioninfo.pas
/home/mattias/pascal/wichtig/lazarus/ide/packages/ideproject/w32versioninfo.pas(118,18) Hint: (5024) Parameter "MainFilename" not used
/home/mattias/pascal/wichtig/lazarus/ide/packages/ideproject/w32versioninfo.pas(110,26) Hint: (5024) Parameter "Sender" not used
/home/mattias/pascal/wichtig/lazarus/ide/packages/ideproject/w32versioninfo.pas(115,33) Hint: (5024) Parameter "AResources" not used
/home/mattias/pascal/wichtig/lazarus/ide/packages/ideproject/w32versioninfo.pas(116,37) Hint: (5024) Parameter "SaveToTestDir" not used
(3104) Compiling projecticon.pas
/home/mattias/pascal/wichtig/lazarus/ide/packages/ideproject/projecticon.pas(228,31) Hint: (5091) Local variable "NewData" of a managed type does not seem to be initialized
(3104) Compiling projectuserresources.pas
/usr/lib/fpc/3.2.4/units/x86_64-linux/rtl/fgl.ppu:fgl.pp(1109,3) Note: (5025) Local variable "P" not used
/home/mattias/pascal/wichtig/lazarus/ide/packages/ideproject/projectresources.pas(160,28) Hint: (5094) Function result variable of a managed type does not seem to be initialized
/home/mattias/pascal/wichtig/lazarus/ide/packages/ideproject/projectresources.pas(95,24) Hint: (5024) Parameter "AProject" not used
(3104) Compiling projectdefs.pas
/home/mattias/pascal/wichtig/lazarus/ide/packages/ideproject/project.pp(295,55) Hint: (5024) Parameter "Beautify" not used
/home/mattias/pascal/wichtig/lazarus/ide/packages/ideproject/project.pp(700,42) Hint: (5024) Parameter "Path" not used
/home/mattias/pascal/wichtig/lazarus/ide/packages/ideproject/project.pp(705,37) Hint: (5024) Parameter "Path" not used
(3104) Compiling lazfreetypeintfdrawer.pas
(3104) Compiling lazhelphtml.pas
(3104) Compiling lazhelpintf.pas
(3104) Compiling lclexceptionstacktrace.pas
(3104) Compiling lclunicodedata.pas
(3104) Compiling ldocktree.pas
(3104) Compiling pairsplitter.pas
/home/mattias/pascal/wichtig/lazarus/ide/packages/ideproject/project.pp(614,38) Hint: (5024) Parameter "Sender" not used
/home/mattias/pascal/wichtig/lazarus/ide/packages/ideproject/project.pp(640,44) Hint: (5024) Parameter "TheMacro" not used
/home/mattias/pascal/wichtig/lazarus/ide/packages/ideproject/project.pp(630,40) Hint: (5024) Parameter "Sender" not used
/home/mattias/pascal/wichtig/lazarus/ide/packages/ideproject/project.pp(428,30) Hint: (5024) Parameter "Sender" not used
/home/mattias/pascal/wichtig/lazarus/ide/packages/ideproject/project.pp(429,30) Hint: (5024) Parameter "Sender" not used
/home/mattias/pascal/wichtig/lazarus/ide/packages/ideproject/buildmanager.pas(70,51) Hint: (5024) Parameter "Param" not used
/home/mattias/pascal/wichtig/lazarus/ide/packages/ideproject/buildmanager.pas(70,77) Hint: (5024) Parameter "Data" not used
/home/mattias/pascal/wichtig/lazarus/ide/packages/ideproject/buildmanager.pas(71,39) Hint: (5024) Parameter "Abort" not used
/home/mattias/pascal/wichtig/lazarus/ide/packages/ideproject/buildmanager.pas(72,50) Hint: (5024) Parameter "Param" not used
/home/mattias/pascal/wichtig/lazarus/ide/packages/ideproject/buildmanager.pas(73,41) Hint: (5024) Parameter "Abort" not used
/home/mattias/pascal/wichtig/lazarus/ide/packages/ideproject/buildmanager.pas(74,68) Hint: (5024) Parameter "Data" not used
/home/mattias/pascal/wichtig/lazarus/ide/packages/ideproject/buildmanager.pas(75,45) Hint: (5024) Parameter "Abort" not used
/home/mattias/pascal/wichtig/lazarus/ide/packages/ideproject/buildmanager.pas(76,49) Hint: (5024) Parameter "Param" not used
/home/mattias/pascal/wichtig/lazarus/ide/packages/ideproject/buildmanager.pas(76,75) Hint: (5024) Parameter "Data" not used
/home/mattias/pascal/wichtig/lazarus/ide/packages/ideproject/buildmanager.pas(77,47) Hint: (5024) Parameter "Abort" not used
/home/mattias/pascal/wichtig/lazarus/ide/packages/ideproject/buildmanager.pas(97,37) Hint: (5024) Parameter "AnUnitInfo" not used
/home/mattias/pascal/wichtig/lazarus/ide/packages/ideproject/buildmanager.pas(99,40) Hint: (5024) Parameter "aPath" not used
/home/mattias/pascal/wichtig/lazarus/ide/packages/ideproject/buildmanager.pas(100,29) Hint: (5024) Parameter "Directory" not used
(3104) Compiling idebookmark.pas
/home/mattias/pascal/wichtig/lazarus/ide/packages/ideproject/ideproject.pas(11,17) Hint: (5023) Unit "IdeBookmark" not used in IdeProject
/home/mattias/pascal/wichtig/lazarus/ide/packages/ideproject/ideproject.pas(11,30) Hint: (5023) Unit "IdeProjectStrConsts" not used in IdeProject
/home/mattias/pascal/wichtig/lazarus/ide/packages/ideproject/ideproject.pas(11,60) Hint: (5023) Unit "ProjectDefs" not used in IdeProject
(1008) 12980 lines compiled, 0.6 sec
(1022) 36 hint(s) issued
(1023) 1 note(s) issued
(3104) Compiling ./widgetset/wspairsplitter.pp
(3104) Compiling postscriptcanvas.pas
(3104) Compiling printers.pas
(3104) Compiling postscriptunicode.pas
(3104) Compiling postscriptprinter.pas
(3104) Compiling registerlcl.pas
(3104) Compiling spin.pp
(3104) Compiling ./widgetset/wsspin.pp
(3104) Compiling stdactns.pas
(3104) Compiling xmlpropstorage.pas
(3104) Compiling valedit.pas
(3104) Compiling rubberband.pas
(3104) Compiling ./widgetset/wsdesigner.pp
(3104) Compiling texttools.pas
(3104) Compiling treestorage.pp
(3104) Compiling utrace.pp
(1008) 226709 lines compiled, 6.1 sec
(1021) 41 warning(s) issued
Info: (lazarus) Execute Title="Compile package LCL 4.99"
Info: (lazarus) Working Directory="/home/mattias/pascal/wichtig/lazarus/lcl/interfaces/"
Info: (lazarus) Executable="/usr/lib/fpc/3.2.4/ppcx64"
Info: (lazarus) Param[0]="-MObjFPC"
Info: (lazarus) Param[1]="-Scghi"
Info: (lazarus) Param[2]="-Cg"
Info: (lazarus) Param[3]="-O1"
Info: (lazarus) Param[4]="-g"
Info: (lazarus) Param[5]="-gl"
Info: (lazarus) Param[6]="-l"
Info: (lazarus) Param[7]="-vewnhibq"
Info: (lazarus) Param[8]="-vm5044,5025"
Info: (lazarus) Param[9]="-Fi/home/mattias/pascal/wichtig/lazarus/lcl/interfaces/gtk2"
Info: (lazarus) Param[10]="-Fu/home/mattias/pascal/wichtig/lazarus/lcl/interfaces/"
Info: (lazarus) Param[11]="-Fu/home/mattias/pascal/wichtig/lazarus/lcl/interfaces/gtk2"
Info: (lazarus) Param[12]="-Fu/home/mattias/pascal/wichtig/lazarus/packager/units/x86_64-linux"
Info: (lazarus) Param[13]="-Fu/home/mattias/pascal/wichtig/lazarus/components/lazutils/lib/x86_64-linux"
Info: (lazarus) Param[14]="-Fu/home/mattias/pascal/wichtig/lazarus/components/freetype/lib/x86_64-linux"
Info: (lazarus) Param[15]="-Fu/home/mattias/pascal/wichtig/lazarus/lcl/units/x86_64-linux"
Info: (lazarus) Param[16]="-FU/home/mattias/pascal/wichtig/lazarus/lcl/units/x86_64-linux/gtk2/"
Info: (lazarus) Param[17]="lcl.pas"
Info: (lazarus) Execute Title="Compile package LazEdit 1.0"
Info: (lazarus) Working Directory="/home/mattias/pascal/wichtig/lazarus/components/lazedit/"
Info: (lazarus) Executable="/usr/lib/fpc/3.2.4/ppcx64"
Info: (lazarus) Param[0]="-MObjFPC"
Info: (lazarus) Param[1]="-Scghi"
Info: (lazarus) Param[2]="-Cg"
Info: (lazarus) Param[3]="-O1"
Info: (lazarus) Param[4]="-g"
Info: (lazarus) Param[5]="-gl"
Info: (lazarus) Param[6]="-l"
Info: (lazarus) Param[7]="-vewnhibq"
Info: (lazarus) Param[8]="-vm6058,5024,3123"
Info: (lazarus) Param[9]="-Fu/home/mattias/pascal/wichtig/lazarus/components/lazedit/"
Info: (lazarus) Param[10]="-Fu/home/mattias/pascal/wichtig/lazarus/packager/units/x86_64-linux"
Info: (lazarus) Param[11]="-Fu/home/mattias/pascal/wichtig/lazarus/components/lazutils/lib/x86_64-linux"
Info: (lazarus) Param[12]="-Fu/home/mattias/pascal/wichtig/lazarus/components/freetype/lib/x86_64-linux"
Info: (lazarus) Param[13]="-Fu/home/mattias/pascal/wichtig/lazarus/lcl/units/x86_64-linux"
Info: (lazarus) Param[14]="-FU/home/mattias/pascal/wichtig/lazarus/components/lazedit/lib/x86_64-linux/"
Info: (lazarus) Param[15]="lazedit.pas"
Info: (lazarus) Param[16]="-B"
Info: (lazarus) Execute Title="Compile package fpdebug 1.0"
Info: (lazarus) Working Directory="/home/mattias/pascal/wichtig/lazarus/components/fpdebug/"
Info: (lazarus) Executable="/usr/lib/fpc/3.2.4/ppcx64"
Info: (lazarus) Param[0]="-MObjFPC"
Info: (lazarus) Param[1]="-Scghi"
Info: (lazarus) Param[2]="-Cg"
Info: (lazarus) Param[3]="-O1"
Info: (lazarus) Param[4]="-g"
Info: (lazarus) Param[5]="-gl"
Info: (lazarus) Param[6]="-l"
Info: (lazarus) Param[7]="-venibq"
Info: (lazarus) Param[8]="-vw-h-"
Info: (lazarus) Param[9]="-vm6058,3057"
Info: (lazarus) Param[10]="-Fu/home/mattias/pascal/wichtig/lazarus/components/fpdebug/"
Info: (lazarus) Param[11]="-Fu/home/mattias/pascal/wichtig/lazarus/packager/units/x86_64-linux"
Info: (lazarus) Param[12]="-Fu/home/mattias/pascal/wichtig/lazarus/components/lazutils/lib/x86_64-linux"
Info: (lazarus) Param[13]="-Fu/home/mattias/pascal/wichtig/lazarus/components/freetype/lib/x86_64-linux"
Info: (lazarus) Param[14]="-Fu/home/mattias/pascal/wichtig/lazarus/components/lazdebuggers/lazdebuggerintf/lib/x86_64-linux"
Info: (lazarus) Param[15]="-Fu/home/mattias/pascal/wichtig/lazarus/components/debuggerintf/lib/x86_64-linux"
Info: (lazarus) Param[16]="-Fu/home/mattias/pascal/wichtig/lazarus/lcl/units/x86_64-linux"
Info: (lazarus) Param[17]="-FU/home/mattias/pascal/wichtig/lazarus/components/fpdebug/lib/x86_64-linux/"
Info: (lazarus) Param[18]="fpdebug.pas"
Info: (lazarus) Param[19]="-B"
Hint: (11030) Start of reading config file /home/mattias/.fpc.cfg
Hint: (11030) Start of reading config file /etc/fpc.cfg
Hint: (11031) End of reading config file /etc/fpc.cfg
Hint: (11031) End of reading config file /home/mattias/.fpc.cfg
Hint: (11030) Start of reading config file /home/mattias/.fpc.cfg
Hint: (11030) Start of reading config file /etc/fpc.cfg
Hint: (11031) End of reading config file /etc/fpc.cfg
Hint: (11031) End of reading config file /home/mattias/.fpc.cfg
Free Pascal Compiler version 3.2.4-rc1 [2025/04/09] for x86_64
Copyright (c) 1993-2024 by Florian Klaempfl and others
(1002) Target OS: Linux for x86-64
(3104) Compiling lazedit.pas
(3104) Compiling textmategrammar.pas
(3104) Compiling xregexpr.pas
/home/mattias/pascal/wichtig/lazarus/components/lazedit/xregexpr.pas(1529,17) Hint: (5057) Local variable "Modif" does not seem to be initialized
/home/mattias/pascal/wichtig/lazarus/components/lazedit/xregexpr.pas(3221,50) Hint: (5057) Local variable "MaxMatchLen" does not seem to be initialized
/home/mattias/pascal/wichtig/lazarus/components/lazedit/xregexpr.pas(3221,23) Hint: (5057) Local variable "op" does not seem to be initialized
/home/mattias/pascal/wichtig/lazarus/components/lazedit/xregexpr.pas(3719,68) Hint: (5057) Local variable "dummyBracesMax" does not seem to be initialized
/home/mattias/pascal/wichtig/lazarus/components/lazedit/xregexpr.pas(3719,52) Hint: (5057) Local variable "dummyBracesMin" does not seem to be initialized
/home/mattias/pascal/wichtig/lazarus/components/lazedit/xregexpr.pas(3894,53) Hint: (5057) Local variable "BracesMax" does not seem to be initialized
/home/mattias/pascal/wichtig/lazarus/components/lazedit/xregexpr.pas(3894,42) Hint: (5057) Local variable "BracesMin" does not seem to be initialized
/home/mattias/pascal/wichtig/lazarus/components/lazedit/xregexpr.pas(4637,61) Hint: (5057) Local variable "AMaxLen" does not seem to be initialized
/home/mattias/pascal/wichtig/lazarus/components/lazedit/xregexpr.pas(4637,46) Hint: (5057) Local variable "op" does not seem to be initialized
/home/mattias/pascal/wichtig/lazarus/components/lazedit/xregexpr.pas(7876,32) Hint: (5091) Local variable "BranchEndStack" of a managed type does not seem to be initialized
/home/mattias/pascal/wichtig/lazarus/components/lazedit/xregexpr.pas(8110,56) Hint: (5057) Local variable "ADummyMaxLen" does not seem to be initialized
/home/mattias/pascal/wichtig/lazarus/components/lazedit/xregexpr.pas(8199,68) Hint: (5057) Local variable "ABranchMaxLen" does not seem to be initialized
/home/mattias/pascal/wichtig/lazarus/components/lazedit/xregexpr.pas(8199,53) Hint: (5057) Local variable "ABranchLen" does not seem to be initialized
/home/mattias/pascal/wichtig/lazarus/components/lazedit/xregexpr.pas(8210,64) Hint: (5057) Local variable "ASubMaxLen" does not seem to be initialized
/home/mattias/pascal/wichtig/lazarus/components/lazedit/xregexpr.pas(8210,52) Hint: (5057) Local variable "ASubLen" does not seem to be initialized
Free Pascal Compiler version 3.2.4-rc1 [2025/04/09] for x86_64
Copyright (c) 1993-2024 by Florian Klaempfl and others
(1002) Target OS: Linux for x86-64
(3104) Compiling fpdebug.pas
(3104) Compiling fpdbgdisasx86.pp
(3104) Compiling fpdbgutil.pp
Free Pascal Compiler version 3.2.4-rc1 [2025/04/09] for x86_64
Copyright (c) 1993-2024 by Florian Klaempfl and others
(1002) Target OS: Linux for x86-64
(3104) Compiling lcl.pas
(1008) 21 lines compiled, 0.4 sec
(1022) 4 hint(s) issued
/usr/lib/fpc/3.2.4/units/x86_64-linux/rtl/fgl.ppu:fgl.pp(1109,3) Note: (5025) Local variable "P" not used
(3104) Compiling xHyperLinksDecorator.pas
(3104) Compiling xregexpr_unicodedata.pas
(3104) Compiling lazeditmiscprocs.pas
(3104) Compiling lazedithighlighterutils.pas
(3104) Compiling lazeditlineitemlists.pas
/home/mattias/pascal/wichtig/lazarus/components/lazutils/lib/x86_64-linux/lazlistclassesbase.ppu:lazlistclassesbase.pas(327,18) Hint: (4055) Conversion between ordinals and pointers is not portable
/home/mattias/pascal/wichtig/lazarus/components/lazutils/lib/x86_64-linux/lazlistclassesbase.ppu:lazlistclassesbase.pas(103,7) Note: (5071) Private type "TCapacityAccessor$2<LAZEDITLINEITEMLISTS.__Internal__TMemRecord$1<SYSTEM.LongWord>,LAZLISTCLASSESBASE.TLazListAspectCapacityFieldMem>.TData" never used
Info: (lazarus) Execute Title="Compile package LazControls 1.0.1"
Info: (lazarus) Working Directory="/home/mattias/pascal/wichtig/lazarus/components/lazcontrols/"
Info: (lazarus) Executable="/usr/lib/fpc/3.2.4/ppcx64"
Info: (lazarus) Param[0]="-MObjFPC"
Info: (lazarus) Param[1]="-Scghi"
Info: (lazarus) Param[2]="-Cg"
Info: (lazarus) Param[3]="-O1"
Info: (lazarus) Param[4]="-g"
Info: (lazarus) Param[5]="-gl"
Info: (lazarus) Param[6]="-l"
Info: (lazarus) Param[7]="-vewnhibq"
Info: (lazarus) Param[8]="-Fu/home/mattias/pascal/wichtig/lazarus/components/lazcontrols/"
Info: (lazarus) Param[9]="-Fu/home/mattias/pascal/wichtig/lazarus/packager/units/x86_64-linux"
Info: (lazarus) Param[10]="-Fu/home/mattias/pascal/wichtig/lazarus/components/lazutils/lib/x86_64-linux"
Info: (lazarus) Param[11]="-Fu/home/mattias/pascal/wichtig/lazarus/components/freetype/lib/x86_64-linux"
Info: (lazarus) Param[12]="-Fu/home/mattias/pascal/wichtig/lazarus/lcl/units/x86_64-linux"
Info: (lazarus) Param[13]="-Fu/home/mattias/pascal/wichtig/lazarus/lcl/units/x86_64-linux/gtk2"
Info: (lazarus) Param[14]="-FU/home/mattias/pascal/wichtig/lazarus/components/lazcontrols/lib/x86_64-linux/gtk2/"
Info: (lazarus) Param[15]="-dLCL"
Info: (lazarus) Param[16]="-dLCLgtk2"
Info: (lazarus) Param[17]="lazcontrols.pas"
Info: (lazarus) Execute Title="Compile package lclextensions_package 0.6.1"
Info: (lazarus) Working Directory="/home/mattias/pascal/wichtig/lazarus/components/lclextensions/"
Info: (lazarus) Executable="/usr/lib/fpc/3.2.4/ppcx64"
Info: (lazarus) Param[0]="-MObjFPC"
Info: (lazarus) Param[1]="-Scgi"
Info: (lazarus) Param[2]="-Cg"
Info: (lazarus) Param[3]="-O1"
Info: (lazarus) Param[4]="-g"
Info: (lazarus) Param[5]="-gl"
Info: (lazarus) Param[6]="-l"
Info: (lazarus) Param[7]="-vewnhibq"
Info: (lazarus) Param[8]="-Fi/home/mattias/pascal/wichtig/lazarus/components/lclextensions/include/gtk2"
Info: (lazarus) Param[9]="-Fu/home/mattias/pascal/wichtig/lazarus/components/lclextensions/"
Info: (lazarus) Param[10]="-Fu/home/mattias/pascal/wichtig/lazarus/packager/units/x86_64-linux"
Info: (lazarus) Param[11]="-Fu/home/mattias/pascal/wichtig/lazarus/components/lazutils/lib/x86_64-linux"
Info: (lazarus) Param[12]="-Fu/home/mattias/pascal/wichtig/lazarus/components/freetype/lib/x86_64-linux"
Info: (lazarus) Param[13]="-Fu/home/mattias/pascal/wichtig/lazarus/lcl/units/x86_64-linux"
Info: (lazarus) Param[14]="-Fu/home/mattias/pascal/wichtig/lazarus/lcl/units/x86_64-linux/gtk2"
Info: (lazarus) Param[15]="-FU/home/mattias/pascal/wichtig/lazarus/components/lclextensions/lib/x86_64-linux-gtk2/"
Info: (lazarus) Param[16]="-dLCL"
Info: (lazarus) Param[17]="-dLCLgtk2"
Info: (lazarus) Param[18]="lclextensions_package.pas"
(3104) Compiling fpdmemorytools.pas
(3104) Compiling fperrormessages.pas
(1010) Writing Resource String Table file: fperrormessages.rsj
/usr/lib/fpc/3.2.4/units/x86_64-linux/rtl/fgl.ppu:fgl.pp(1109,3) Note: (5025) Local variable "P" not used
Hint: (11030) Start of reading config file /home/mattias/.fpc.cfg
Hint: (11030) Start of reading config file /etc/fpc.cfg
Hint: (11031) End of reading config file /etc/fpc.cfg
Hint: (11031) End of reading config file /home/mattias/.fpc.cfg
Hint: (11030) Start of reading config file /home/mattias/.fpc.cfg
Hint: (11030) Start of reading config file /etc/fpc.cfg
Hint: (11031) End of reading config file /etc/fpc.cfg
Hint: (11031) End of reading config file /home/mattias/.fpc.cfg
(3104) Compiling fpdbginfo.pas
(3104) Compiling fpdbgloader.pp
(3104) Compiling fpimgreaderbase.pas
(3104) Compiling fpdbgsymtable.pas
/usr/lib/fpc/3.2.4/units/x86_64-linux/rtl-generics/generics.collections.ppu:generics.collections.pas(150,52) Note: (5071) Private type "TCustomPointersEnumerator$2<SYSTEM.AnsiString,FPDBGSYMTABLE.TCustomList$1$crc6824777A.PT>.T" never used
/usr/lib/fpc/3.2.4/units/x86_64-linux/rtl-generics/generics.collections.ppu:generics.collections.pas(150,52) Note: (5071) Private type "TCustomPointersEnumerator$2<SYSTEM.LongInt,FPDBGSYMTABLE.TCustomList$1$crc9F312717.PT>.T" never used
Free Pascal Compiler version 3.2.4-rc1 [2025/04/09] for x86_64
Copyright (c) 1993-2024 by Florian Klaempfl and others
(1002) Target OS: Linux for x86-64
(3104) Compiling lazcontrols.pas
(1008) 23 lines compiled, 0.3 sec
(1022) 4 hint(s) issued
(3104) Compiling lazedittypes.pas
Free Pascal Compiler version 3.2.4-rc1 [2025/04/09] for x86_64
Copyright (c) 1993-2024 by Florian Klaempfl and others
(1002) Target OS: Linux for x86-64
(3104) Compiling lclextensions_package.pas
(1008) 15 lines compiled, 0.4 sec
(1022) 4 hint(s) issued
/usr/lib/fpc/3.2.4/units/x86_64-linux/rtl-generics/generics.collections.ppu:generics.collections.pas(150,52) Note: (5071) Private type "TCustomPointersEnumerator$2<FPDBGSYMTABLE.TPair$2<SYSTEM.AnsiString,SYSTEM.LongInt>,FPDBGSYMTABLE.TCustomList$1$crc9EDAFC8F.PT>.T" never used
(3104) Compiling fpdbgcommon.pas
(3104) Compiling fpimgreaderwinpe.pas
(3104) Compiling fpimgreaderwinpetypes.pas
(3104) Compiling fpimgreaderelf.pas
(3104) Compiling fpimgreaderelftypes.pas
(3104) Compiling fpimgreadermacho.pas
(3104) Compiling macho.pas
(3104) Compiling fpimgreadermachofile.pas
(3104) Compiling fpdbgclasses.pp
(3104) Compiling fpdbgsymtablecontext.pas
(3104) Compiling fpdbgdwarfcfi.pas
/usr/lib/fpc/3.2.4/units/x86_64-linux/rtl-generics/generics.defaults.ppu:generics.defaults.pas(874,14) Warning: (3057) An inherited method is hidden by "Equals(const TLazHighlighterRangeForDictionary;const TLazHighlighterRangeForDictionary):Boolean;"
/usr/lib/fpc/3.2.4/units/x86_64-linux/rtl-generics/generics.defaults.ppu:generics.defaults.pas(875,14) Warning: (3057) An inherited method is hidden by "GetHashCode(const TLazHighlighterRangeForDictionary):DWord;"
/usr/lib/fpc/3.2.4/units/x86_64-linux/rtl-generics/generics.collections.ppu:generics.dictionaries.inc(191,92) Warning: (4046) Constructing a class "TCustomDictionaryEnumerator$4$crc0D9A0505" with abstract method "DoMoveNext"
/usr/lib/fpc/3.2.4/units/x86_64-linux/rtl-generics/generics.collections.ppu:generics.collections.pas(127,14) Hint: (5062) Found abstract method: DoMoveNext(<TEnumerator$1$crcFF93B288>):Boolean;
/usr/lib/fpc/3.2.4/units/x86_64-linux/rtl-generics/generics.collections.ppu:generics.dictionaries.inc(191,92) Warning: (4046) Constructing a class "TCustomDictionaryEnumerator$4$crc0D9A0505" with abstract method "GetCurrent"
/usr/lib/fpc/3.2.4/units/x86_64-linux/rtl-generics/generics.collections.ppu:generics.dictionariesh.inc(119,14) Hint: (5062) Found abstract method: GetCurrent(<TCustomDictionaryEnumerator$4$crc0D9A0505>):TLazHighlighterRangeForDictionary;
/usr/lib/fpc/3.2.4/units/x86_64-linux/rtl-generics/generics.collections.ppu:generics.dictionaries.inc(191,92) Warning: (4046) Constructing a class "TCustomDictionaryEnumerator$4$crc0D9A0505" with abstract method "DoMoveNext"
/usr/lib/fpc/3.2.4/units/x86_64-linux/rtl-generics/generics.collections.ppu:generics.collections.pas(127,14) Hint: (5062) Found abstract method: DoMoveNext(<TEnumerator$1$crcFF93B288>):Boolean;
/usr/lib/fpc/3.2.4/units/x86_64-linux/rtl-generics/generics.collections.ppu:generics.dictionaries.inc(191,92) Warning: (4046) Constructing a class "TCustomDictionaryEnumerator$4$crc0D9A0505" with abstract method "GetCurrent"
/usr/lib/fpc/3.2.4/units/x86_64-linux/rtl-generics/generics.collections.ppu:generics.dictionariesh.inc(119,14) Hint: (5062) Found abstract method: GetCurrent(<TCustomDictionaryEnumerator$4$crc0D9A0505>):TLazHighlighterRangeForDictionary;
/home/mattias/pascal/wichtig/lazarus/components/lazutils/lib/x86_64-linux/lazlistclassesbase.ppu:lazlistclassesbase.pas(327,18) Hint: (4055) Conversion between ordinals and pointers is not portable
/home/mattias/pascal/wichtig/lazarus/components/lazedit/lazedithighlighterutils.pas(402,40) Warning: (5066) Symbol "LineTextChanged" is deprecated: "use TextChanged / to be removed in 5.99"
/home/mattias/pascal/wichtig/lazarus/components/lazedit/lazedithighlighterutils.pas(417,38) Warning: (5066) Symbol "InsertedLines" is deprecated: "use Insert / to be removed in 5.99"
/home/mattias/pascal/wichtig/lazarus/components/lazedit/lazedithighlighterutils.pas(433,37) Warning: (5066) Symbol "DeletedLines" is deprecated: "use Delete / to be removed in 5.99"
/home/mattias/pascal/wichtig/lazarus/components/lazutils/lib/x86_64-linux/lazlistclassesbase.ppu:lazlistclassesbase.pas(103,7) Note: (5071) Private type "TCapacityAccessor$2<LAZEDITHIGHLIGHTERUTILS.__Internal__TMemRecord$1<SYSTEM.LongWord>,LAZLISTCLASSESBASE.TLazListAspectCapacityFieldMem>.TData" never used
/usr/lib/fpc/3.2.4/units/x86_64-linux/rtl-generics/generics.collections.ppu:generics.collections.pas(150,52) Note: (5071) Private type "TCustomPointersEnumerator$2<LAZEDITHIGHLIGHTERUTILS.TLazHighlighterRangeForDictionary,LAZEDITHIGHLIGHTERUTILS.TCustomList$1$crcFF93B288.PT>.T" never used
/usr/lib/fpc/3.2.4/units/x86_64-linux/rtl-generics/generics.collections.ppu:generics.collections.pas(150,52) Note: (5071) Private type "TCustomPointersEnumerator$2<LAZEDITHIGHLIGHTERUTILS.TPair$2<LAZEDITHIGHLIGHTERUTILS.TLazHighlighterRangeForDictionary,LAZEDITHIGHLIGHTERUTILS.TLazHighlighterRangeForDictionary>,LAZEDITHIGHLIGHTERUTILS.TCustomList$1$crc715A5A41.PT>.T" never used
(3104) Compiling lazedittextgridpainter.pas
(3104) Compiling lazedittextattributes.pas
/usr/lib/fpc/3.2.4/units/x86_64-linux/rtl/fgl.ppu:fgl.pp(1109,3) Note: (5025) Local variable "P" not used
/home/mattias/pascal/wichtig/lazarus/components/lazedit/lazedittextattributes.pas(1290,3) Note: (5025) Local variable "i" not used
/home/mattias/pascal/wichtig/lazarus/components/lazedit/lazedittextgridpainter.pas(59,10) Warning: (3018) Constructor should be public
/usr/lib/fpc/3.2.4/units/x86_64-linux/rtl/fgl.ppu:fgl.pp(1109,3) Note: (5025) Local variable "P" not used
/home/mattias/pascal/wichtig/lazarus/components/lazedit/lazedittextgridpainter.pas(237,59) Hint: (5057) Local variable "Size1" does not seem to be initialized
/home/mattias/pascal/wichtig/lazarus/components/lazedit/lazedittextgridpainter.pas(238,59) Hint: (5057) Local variable "Size2" does not seem to be initialized
/home/mattias/pascal/wichtig/lazarus/components/lazedit/lazedittextgridpainter.pas(239,59) Hint: (5057) Local variable "Size3" does not seem to be initialized
/home/mattias/pascal/wichtig/lazarus/components/lazedit/lazedittextgridpainter.pas(336,74) Hint: (5057) Local variable "Size1" does not seem to be initialized
/home/mattias/pascal/wichtig/lazarus/components/lazedit/lazedittextgridpainter.pas(347,29) Hint: (5057) Local variable "TM" does not seem to be initialized
/home/mattias/pascal/wichtig/lazarus/components/lazedit/lazedittextgridpainter.pas(133,5) Note: (5029) Private field "TLazEditTextGridPainter.FSelectedFontStyle" is never used
(3104) Compiling lazedithighlighter.pas
/home/mattias/pascal/wichtig/lazarus/components/lazedit/lazedithighlighter.pas(435,15) Note: (3250) Virtual method "Next;" has a lower visibility (protected) than parent class TLazEditCustomHighlighter (public)
/home/mattias/pascal/wichtig/lazarus/components/lazedit/lazedithighlighter.pas(436,14) Note: (3250) Virtual method "GetEol:Boolean;" has a lower visibility (protected) than parent class TLazEditCustomHighlighter (public)
/home/mattias/pascal/wichtig/lazarus/components/lazedit/lazedithighlighter.pas(437,14) Note: (3250) Virtual method "GetToken:AnsiString;" has a lower visibility (protected) than parent class TLazEditCustomHighlighter (public)
/home/mattias/pascal/wichtig/lazarus/components/lazedit/lazedithighlighter.pas(438,14) Note: (3250) Virtual method "GetTokenPos:LongInt;" has a lower visibility (protected) than parent class TLazEditCustomHighlighter (public)
/home/mattias/pascal/wichtig/lazarus/components/lazedit/lazedithighlighter.pas(439,14) Note: (3250) Virtual method "GetTokenKind:LongInt;" has a lower visibility (protected) than parent class TLazEditCustomHighlighter (public)
/home/mattias/pascal/wichtig/lazarus/components/lazedit/lazedithighlighter.pas(440,15) Note: (3250) Virtual method "GetTokenEx(out PChar;out LongInt);" has a lower visibility (protected) than parent class TLazEditCustomHighlighter (public)
/home/mattias/pascal/wichtig/lazarus/components/lazedit/lazedithighlighter.pas(441,14) Note: (3250) Virtual method "GetTokenAttribute:TLazEditTextAttribute;" has a lower visibility (protected) than parent class TLazEditCustomHighlighter (public)
/home/mattias/pascal/wichtig/lazarus/components/lazedit/lazedithighlighter.pas(528,35) Warning: (5066) Symbol "__OLD_FileFilterDefaultMask" is deprecated: "to be removed in 5.99"
(3104) Compiling fpdbgdwarfconst.pas
(3104) Compiling fpdbgdwarfdataclasses.pas
/usr/lib/fpc/3.2.4/units/x86_64-linux/rtl-generics/generics.collections.ppu:generics.collections.pas(150,52) Note: (5071) Private type "TCustomPointersEnumerator$2<SYSTEM.LongWord,FPDBGDWARFDATACLASSES.TCustomList$1$crcC1EFDE19.PT>.T" never used
/usr/lib/fpc/3.2.4/units/x86_64-linux/rtl-generics/generics.collections.ppu:generics.collections.pas(150,52) Note: (5071) Private type "TCustomPointersEnumerator$2<FPDBGDWARFDATACLASSES.TDWarfLineMap.TLineNumberAddrMapEntry,FPDBGDWARFDATACLASSES.TCustomList$1$crcEDE3CB0C.PT>.T" never used
/usr/lib/fpc/3.2.4/units/x86_64-linux/rtl-generics/generics.collections.ppu:generics.collections.pas(150,52) Note: (5071) Private type "TCustomPointersEnumerator$2<FPDBGDWARFDATACLASSES.TPair$2<SYSTEM.LongWord,FPDBGDWARFDATACLASSES.TDWarfLineMap.TLineNumberAddrMapEntry>,FPDBGDWARFDATACLASSES.TCustomList$1$crcD3FABBE7.PT>.T" never used
/usr/lib/fpc/3.2.4/units/x86_64-linux/rtl-generics/generics.collections.ppu:generics.collections.pas(150,52) Note: (5071) Private type "TCustomPointersEnumerator$2<SYSTEM.AnsiString,FPDBGDWARFDATACLASSES.TCustomList$1$crc6824777A.PT>.T" never used
/usr/lib/fpc/3.2.4/units/x86_64-linux/rtl-generics/generics.collections.ppu:generics.collections.pas(150,52) Note: (5071) Private type "TCustomPointersEnumerator$2<FPDBGDWARFDATACLASSES.PDWarfLineMap,FPDBGDWARFDATACLASSES.TCustomList$1$crcCD8C4EBF.PT>.T" never used
/home/mattias/pascal/wichtig/lazarus/components/lazedit/lazedithighlighter.pas(530,68) Warning: (5066) Symbol "__OLD_FileFilterDefaultMask" is deprecated: "to be removed in 5.99"
(3104) Compiling lazeditmatchingbracketutils.pas
(3104) Compiling lazeditasyncrunner.pas
(3104) Compiling lazeditfoldhighlighter.pas
(3104) Compiling lazedithighlighterfoldnodehighlighter.pas
/home/mattias/pascal/wichtig/lazarus/components/lazedit/lazedithighlighterfoldnodehighlighter.pas(191,25) Hint: (4055) Conversion between ordinals and pointers is not portable
/home/mattias/pascal/wichtig/lazarus/components/lazedit/lazedithighlighterfoldnodehighlighter.pas(191,44) Hint: (4055) Conversion between ordinals and pointers is not portable
/home/mattias/pascal/wichtig/lazarus/components/lazedit/lazeditfoldhighlighter.pas(555,26) Warning: (5066) Symbol "FoldTypeCount" is deprecated: "Misnomer: Use FoldGroupCount"
/home/mattias/pascal/wichtig/lazarus/components/lazedit/lazeditfoldhighlighter.pas(561,70) Warning: (5066) Symbol "FoldTypeAtNodeIndex" is deprecated: "Misnomer: Use FoldGroupAtNodeIndex"
/home/mattias/pascal/wichtig/lazarus/components/lazedit/lazeditfoldhighlighter.pas(642,46) Warning: (5066) Symbol "FoldTypeCount" is deprecated: "Misnomer: Use FoldGroupCount"
/home/mattias/pascal/wichtig/lazarus/components/lazedit/lazeditfoldhighlighter.pas(1131,48) Warning: (5066) Symbol "FoldTypeCount" is deprecated: "Misnomer: Use FoldGroupCount"
/home/mattias/pascal/wichtig/lazarus/components/lazedit/lazeditfoldhighlighter.pas(1140,27) Hint: (5091) Local variable "OpenCnt" of a managed type does not seem to be initialized
/home/mattias/pascal/wichtig/lazarus/components/lazedit/lazeditfoldhighlighter.pas(1146,27) Hint: (5091) Local variable "OpenIdx" of a managed type does not seem to be initialized
/home/mattias/pascal/wichtig/lazarus/components/lazedit/lazedit.pas(11,3) Hint: (5023) Unit "TextMateGrammar" not used in LazEdit
/home/mattias/pascal/wichtig/lazarus/components/lazedit/lazedit.pas(11,20) Hint: (5023) Unit "xHyperLinksDecorator" not used in LazEdit
/home/mattias/pascal/wichtig/lazarus/components/lazedit/lazedit.pas(11,52) Hint: (5023) Unit "xregexpr_unicodedata" not used in LazEdit
/home/mattias/pascal/wichtig/lazarus/components/lazedit/lazedit.pas(11,74) Hint: (5023) Unit "LazEditMiscProcs" not used in LazEdit
/home/mattias/pascal/wichtig/lazarus/components/lazedit/lazedit.pas(12,52) Hint: (5023) Unit "LazEditTextAttributes" not used in LazEdit
/home/mattias/pascal/wichtig/lazarus/components/lazedit/lazedit.pas(12,75) Hint: (5023) Unit "LazEditLineItemLists" not used in LazEdit
/home/mattias/pascal/wichtig/lazarus/components/lazedit/lazedit.pas(13,23) Hint: (5023) Unit "LazEditTypes" not used in LazEdit
/home/mattias/pascal/wichtig/lazarus/components/lazedit/lazedit.pas(14,3) Hint: (5023) Unit "LazEditFoldHighlighter" not used in LazEdit
/home/mattias/pascal/wichtig/lazarus/components/lazedit/lazedit.pas(14,27) Hint: (5023) Unit "LazEditHighlighterFoldNodeHighlighter" not used in LazEdit
(1008) 217617 lines compiled, 1.4 sec
(1021) 16 warning(s) issued
(1022) 43 hint(s) issued
(1023) 16 note(s) issued
Info: (lazarus) Execute Title="Compile package SynEdit 1.0"
Info: (lazarus) Working Directory="/home/mattias/pascal/wichtig/lazarus/components/synedit/"
Info: (lazarus) Executable="/usr/lib/fpc/3.2.4/ppcx64"
Info: (lazarus) Param[0]="-MObjFPC"
Info: (lazarus) Param[1]="-Scghi"
Info: (lazarus) Param[2]="-Cg"
Info: (lazarus) Param[3]="-CR"
Info: (lazarus) Param[4]="-O1"
Info: (lazarus) Param[5]="-g"
Info: (lazarus) Param[6]="-gl"
Info: (lazarus) Param[7]="-l"
Info: (lazarus) Param[8]="-vewnhibq"
Info: (lazarus) Param[9]="-vm6058,5091,5024,4055,3124,3123"
Info: (lazarus) Param[10]="-Fu/home/mattias/pascal/wichtig/lazarus/components/synedit/"
Info: (lazarus) Param[11]="-Fu/home/mattias/pascal/wichtig/lazarus/packager/units/x86_64-linux"
Info: (lazarus) Param[12]="-Fu/home/mattias/pascal/wichtig/lazarus/components/lazutils/lib/x86_64-linux"
Info: (lazarus) Param[13]="-Fu/home/mattias/pascal/wichtig/lazarus/components/freetype/lib/x86_64-linux"
Info: (lazarus) Param[14]="-Fu/home/mattias/pascal/wichtig/lazarus/lcl/units/x86_64-linux"
Info: (lazarus) Param[15]="-Fu/home/mattias/pascal/wichtig/lazarus/components/lazedit/lib/x86_64-linux"
Info: (lazarus) Param[16]="-Fu/home/mattias/pascal/wichtig/lazarus/lcl/units/x86_64-linux/gtk2"
Info: (lazarus) Param[17]="-FU/home/mattias/pascal/wichtig/lazarus/components/synedit/units/x86_64-linux/gtk2/"
Info: (lazarus) Param[18]="-dLCL"
Info: (lazarus) Param[19]="-dLCLgtk2"
Info: (lazarus) Param[20]="-CR"
Info: (lazarus) Param[21]="-dgc"
Info: (lazarus) Param[22]="-vm6060"
Info: (lazarus) Param[23]="allsynedit.pas"
Info: (lazarus) Execute Title="Compile package IDEIntf 1.0"
Info: (lazarus) Working Directory="/home/mattias/pascal/wichtig/lazarus/components/ideintf/"
Info: (lazarus) Executable="/usr/lib/fpc/3.2.4/ppcx64"
Info: (lazarus) Param[0]="-MObjFPC"
Info: (lazarus) Param[1]="-Scghi"
Info: (lazarus) Param[2]="-Cg"
Info: (lazarus) Param[3]="-O1"
Info: (lazarus) Param[4]="-g"
Info: (lazarus) Param[5]="-gl"
Info: (lazarus) Param[6]="-l"
Info: (lazarus) Param[7]="-vewnhibq"
Info: (lazarus) Param[8]="-Fi/home/mattias/pascal/wichtig/lazarus/components/ideintf/images"
Info: (lazarus) Param[9]="-Fu/home/mattias/pascal/wichtig/lazarus/components/ideintf/"
Info: (lazarus) Param[10]="-Fu/home/mattias/pascal/wichtig/lazarus/packager/units/x86_64-linux"
Info: (lazarus) Param[11]="-Fu/home/mattias/pascal/wichtig/lazarus/components/lazutils/lib/x86_64-linux"
Info: (lazarus) Param[12]="-Fu/home/mattias/pascal/wichtig/lazarus/components/buildintf/units/x86_64-linux"
Info: (lazarus) Param[13]="-Fu/home/mattias/pascal/wichtig/lazarus/components/freetype/lib/x86_64-linux"
Info: (lazarus) Param[14]="-Fu/home/mattias/pascal/wichtig/lazarus/components/lazdebuggers/lazdebuggerintf/lib/x86_64-linux"
Info: (lazarus) Param[15]="-Fu/home/mattias/pascal/wichtig/lazarus/components/debuggerintf/lib/x86_64-linux"
Info: (lazarus) Param[16]="-Fu/home/mattias/pascal/wichtig/lazarus/lcl/units/x86_64-linux"
Info: (lazarus) Param[17]="-Fu/home/mattias/pascal/wichtig/lazarus/components/lazedit/lib/x86_64-linux"
Info: (lazarus) Param[18]="-Fu/home/mattias/pascal/wichtig/lazarus/lcl/units/x86_64-linux/gtk2"
Info: (lazarus) Param[19]="-Fu/home/mattias/pascal/wichtig/lazarus/components/lazcontrols/lib/x86_64-linux/gtk2"
Info: (lazarus) Param[20]="-FU/home/mattias/pascal/wichtig/lazarus/components/ideintf/units/x86_64-linux/gtk2/"
Info: (lazarus) Param[21]="-dLCL"
Info: (lazarus) Param[22]="-dLCLgtk2"
Info: (lazarus) Param[23]="ideintf.pas"
/usr/lib/fpc/3.2.4/units/x86_64-linux/rtl-generics/generics.collections.ppu:generics.collections.pas(150,52) Note: (5071) Private type "TCustomPointersEnumerator$2<FPDBGDWARFDATACLASSES.TPair$2<SYSTEM.AnsiString,FPDBGDWARFDATACLASSES.PDWarfLineMap>,FPDBGDWARFDATACLASSES.TCustomList$1$crc4627C276.PT>.T" never used
Hint: (11030) Start of reading config file /home/mattias/.fpc.cfg
Hint: (11030) Start of reading config file /etc/fpc.cfg
Hint: (11031) End of reading config file /etc/fpc.cfg
Hint: (11031) End of reading config file /home/mattias/.fpc.cfg
Hint: (11030) Start of reading config file /home/mattias/.fpc.cfg
Hint: (11030) Start of reading config file /etc/fpc.cfg
Hint: (11031) End of reading config file /etc/fpc.cfg
Hint: (11031) End of reading config file /home/mattias/.fpc.cfg
(3104) Compiling fpdbgdwarf.pas
(3104) Compiling fppascalparser.pas
/usr/lib/fpc/3.2.4/units/x86_64-linux/rtl/fgl.ppu:fgl.pp(1109,3) Note: (5025) Local variable "P" not used
Free Pascal Compiler version 3.2.4-rc1 [2025/04/09] for x86_64
Copyright (c) 1993-2024 by Florian Klaempfl and others
(1002) Target OS: Linux for x86-64
(3104) Compiling allsynedit.pas
/usr/lib/fpc/3.2.4/units/x86_64-linux/rtl/fgl.ppu:fgl.pp(1109,3) Note: (5025) Local variable "P" not used
/usr/lib/fpc/3.2.4/units/x86_64-linux/rtl/fgl.ppu:fgl.pp(1109,3) Note: (5025) Local variable "P" not used
/usr/lib/fpc/3.2.4/units/x86_64-linux/rtl/fgl.ppu:fgl.pp(1109,3) Note: (5025) Local variable "P" not used
(3104) Compiling fpdbgpetypes.pp
Free Pascal Compiler version 3.2.4-rc1 [2025/04/09] for x86_64
Copyright (c) 1993-2024 by Florian Klaempfl and others
(1002) Target OS: Linux for x86-64
(3104) Compiling ideintf.pas
/home/mattias/pascal/wichtig/lazarus/components/synedit/allsynedit.pas(12,3) Warning: (5075) Unit "SynEditHighlighter" is deprecated: "Use LazEditHighlighter / this unit will be removed in 5.99"
(1008) 43 lines compiled, 0.8 sec
(1021) 1 warning(s) issued
(1022) 4 hint(s) issued
(3104) Compiling fppascalbuilder.pas
(3104) Compiling fpdbgcontroller.pas
(3104) Compiling fpdbgcallcontextinfo.pas
(3104) Compiling fpdbglinuxclasses.pas
(3104) Compiling fpdbglinuxextra.pas
(3104) Compiling fpdbgcpux86.pas
(3104) Compiling fpdbgwinseh64.pas
/home/mattias/pascal/wichtig/lazarus/components/fpdebug/fpdbglinuxclasses.pas(79,14) Note: (3250) Virtual method "GetName:AnsiString;" has a lower visibility (private) than parent class TDbgThread (protected)
/home/mattias/pascal/wichtig/lazarus/components/fpdebug/fpdbglinuxclasses.pas(454,3) Note: (5025) Local variable "ProcMaps" not used
/home/mattias/pascal/wichtig/lazarus/components/fpdebug/fpdbglinuxclasses.pas(455,3) Note: (5025) Local variable "ProcMap" not used
/home/mattias/pascal/wichtig/lazarus/components/fpdebug/fpdbglinuxclasses.pas(180,30) Note: (5027) Local variable "FPDBG_LINUX" is assigned but never used
(3104) Compiling fpdbglinuxx86classes.pas
/home/mattias/pascal/wichtig/lazarus/components/fpdebug/fpdbglinuxx86classes.pas(229,14) Note: (3250) Virtual method "GetCurrentStackFrameInfo:TDbgStackFrameInfo;" has a lower visibility (protected) than parent class TDbgThread (public)
/home/mattias/pascal/wichtig/lazarus/components/fpdebug/fpdbglinuxx86classes.pas(266,3) Note: (5027) Local variable "DBG_VERBOSE" is assigned but never used
/home/mattias/pascal/wichtig/lazarus/components/fpdebug/fpdbglinuxx86classes.pas(266,30) Note: (5027) Local variable "FPDBG_LINUX" is assigned but never used
(3104) Compiling fpdbglinuxaarch64classes.pas
/home/mattias/pascal/wichtig/lazarus/components/fpdebug/fpdbglinuxaarch64classes.pas(125,3) Note: (5027) Local variable "DBG_VERBOSE" is assigned but never used
/home/mattias/pascal/wichtig/lazarus/components/ideintf/ideintf.pas(17,47) Warning: (5079) Unit "IdeDebuggerWatchValueIntf" is experimental
(1008) 36 lines compiled, 0.9 sec
(1021) 1 warning(s) issued
(1022) 4 hint(s) issued
Info: (lazarus) Execute Title="Compile package laz.virtualtreeview_package 5.5.3.1"
Info: (lazarus) Working Directory="/home/mattias/pascal/wichtig/lazarus/components/virtualtreeview/"
Info: (lazarus) Executable="/usr/lib/fpc/3.2.4/ppcx64"
Info: (lazarus) Param[0]="-MObjFPC"
Info: (lazarus) Param[1]="-Scgim"
Info: (lazarus) Param[2]="-Cg"
Info: (lazarus) Param[3]="-O1"
Info: (lazarus) Param[4]="-g"
Info: (lazarus) Param[5]="-gl"
Info: (lazarus) Param[6]="-l"
Info: (lazarus) Param[7]="-vewnhibq"
Info: (lazarus) Param[8]="-Fi/home/mattias/pascal/wichtig/lazarus/components/virtualtreeview/include/intf/gtk2"
Info: (lazarus) Param[9]="-Fi/home/mattias/pascal/wichtig/lazarus/components/virtualtreeview/units"
Info: (lazarus) Param[10]="-Fi/home/mattias/pascal/wichtig/lazarus/components/virtualtreeview/include/intf"
Info: (lazarus) Param[11]="-Fu/home/mattias/pascal/wichtig/lazarus/components/virtualtreeview/"
Info: (lazarus) Param[12]="-Fu/home/mattias/pascal/wichtig/lazarus/components/virtualtreeview/units/gtk2"
Info: (lazarus) Param[13]="-Fu/home/mattias/pascal/wichtig/lazarus/packager/units/x86_64-linux"
Info: (lazarus) Param[14]="-Fu/home/mattias/pascal/wichtig/lazarus/components/lazutils/lib/x86_64-linux"
Info: (lazarus) Param[15]="-Fu/home/mattias/pascal/wichtig/lazarus/components/buildintf/units/x86_64-linux"
Info: (lazarus) Param[16]="-Fu/home/mattias/pascal/wichtig/lazarus/components/freetype/lib/x86_64-linux"
Info: (lazarus) Param[17]="-Fu/home/mattias/pascal/wichtig/lazarus/components/lazdebuggers/lazdebuggerintf/lib/x86_64-linux"
Info: (lazarus) Param[18]="-Fu/home/mattias/pascal/wichtig/lazarus/components/debuggerintf/lib/x86_64-linux"
Info: (lazarus) Param[19]="-Fu/home/mattias/pascal/wichtig/lazarus/lcl/units/x86_64-linux"
Info: (lazarus) Param[20]="-Fu/home/mattias/pascal/wichtig/lazarus/components/lazedit/lib/x86_64-linux"
Info: (lazarus) Param[21]="-Fu/home/mattias/pascal/wichtig/lazarus/lcl/units/x86_64-linux/gtk2"
Info: (lazarus) Param[22]="-Fu/home/mattias/pascal/wichtig/lazarus/components/lazcontrols/lib/x86_64-linux/gtk2"
Info: (lazarus) Param[23]="-Fu/home/mattias/pascal/wichtig/lazarus/components/lclextensions/lib/x86_64-linux-gtk2"
Info: (lazarus) Param[24]="-Fu/home/mattias/pascal/wichtig/lazarus/components/ideintf/units/x86_64-linux/gtk2"
Info: (lazarus) Param[25]="-FU/home/mattias/pascal/wichtig/lazarus/components/virtualtreeview/lib/x86_64-linux-gtk2/"
Info: (lazarus) Param[26]="-dLCL"
Info: (lazarus) Param[27]="-dLCLgtk2"
Info: (lazarus) Param[28]="laz.virtualtreeview_package.pas"
Info: (lazarus) Execute Title="Compile package CmdLineDebuggerBase 0.0"
Info: (lazarus) Working Directory="/home/mattias/pascal/wichtig/lazarus/components/lazdebuggers/cmdlinedebuggerbase/"
Info: (lazarus) Executable="/usr/lib/fpc/3.2.4/ppcx64"
Info: (lazarus) Param[0]="-MObjFPC"
Info: (lazarus) Param[1]="-Scghi"
Info: (lazarus) Param[2]="-Cg"
Info: (lazarus) Param[3]="-O1"
Info: (lazarus) Param[4]="-g"
Info: (lazarus) Param[5]="-gl"
Info: (lazarus) Param[6]="-l"
Info: (lazarus) Param[7]="-vewnhibq"
Info: (lazarus) Param[8]="-Fu/home/mattias/pascal/wichtig/lazarus/components/lazdebuggers/cmdlinedebuggerbase/"
Info: (lazarus) Param[9]="-Fu/home/mattias/pascal/wichtig/lazarus/packager/units/x86_64-linux"
Info: (lazarus) Param[10]="-Fu/home/mattias/pascal/wichtig/lazarus/components/lazutils/lib/x86_64-linux"
Info: (lazarus) Param[11]="-Fu/home/mattias/pascal/wichtig/lazarus/components/buildintf/units/x86_64-linux"
Info: (lazarus) Param[12]="-Fu/home/mattias/pascal/wichtig/lazarus/components/freetype/lib/x86_64-linux"
Info: (lazarus) Param[13]="-Fu/home/mattias/pascal/wichtig/lazarus/components/lazdebuggers/lazdebuggerintf/lib/x86_64-linux"
Info: (lazarus) Param[14]="-Fu/home/mattias/pascal/wichtig/lazarus/components/debuggerintf/lib/x86_64-linux"
Info: (lazarus) Param[15]="-Fu/home/mattias/pascal/wichtig/lazarus/lcl/units/x86_64-linux"
Info: (lazarus) Param[16]="-Fu/home/mattias/pascal/wichtig/lazarus/components/lazedit/lib/x86_64-linux"
Info: (lazarus) Param[17]="-Fu/home/mattias/pascal/wichtig/lazarus/lcl/units/x86_64-linux/gtk2"
Info: (lazarus) Param[18]="-Fu/home/mattias/pascal/wichtig/lazarus/components/lazcontrols/lib/x86_64-linux/gtk2"
Info: (lazarus) Param[19]="-Fu/home/mattias/pascal/wichtig/lazarus/components/ideintf/units/x86_64-linux/gtk2"
Info: (lazarus) Param[20]="-FU/home/mattias/pascal/wichtig/lazarus/components/lazdebuggers/cmdlinedebuggerbase/lib/x86_64-linux/gtk2/"
Info: (lazarus) Param[21]="-dLCL"
Info: (lazarus) Param[22]="-dLCLgtk2"
Info: (lazarus) Param[23]="cmdlinedebuggerbase.pas"
Info: (lazarus) Execute Title="Compile package IdeHelpUtils 1.0"
Info: (lazarus) Working Directory="/home/mattias/pascal/wichtig/lazarus/ide/packages/idehelputils/"
Info: (lazarus) Executable="/usr/lib/fpc/3.2.4/ppcx64"
Info: (lazarus) Param[0]="-MObjFPC"
Info: (lazarus) Param[1]="-Scghi"
Info: (lazarus) Param[2]="-Cg"
Info: (lazarus) Param[3]="-O1"
Info: (lazarus) Param[4]="-g"
Info: (lazarus) Param[5]="-gl"
Info: (lazarus) Param[6]="-l"
Info: (lazarus) Param[7]="-vewnhibq"
Info: (lazarus) Param[8]="-Fu/home/mattias/pascal/wichtig/lazarus/ide/packages/idehelputils/"
Info: (lazarus) Param[9]="-Fu/home/mattias/pascal/wichtig/lazarus/packager/units/x86_64-linux"
Info: (lazarus) Param[10]="-Fu/home/mattias/pascal/wichtig/lazarus/components/lazutils/lib/x86_64-linux"
Info: (lazarus) Param[11]="-Fu/home/mattias/pascal/wichtig/lazarus/components/buildintf/units/x86_64-linux"
Info: (lazarus) Param[12]="-Fu/home/mattias/pascal/wichtig/lazarus/components/codetools/units/x86_64-linux"
Info: (lazarus) Param[13]="-Fu/home/mattias/pascal/wichtig/lazarus/components/freetype/lib/x86_64-linux"
Info: (lazarus) Param[14]="-Fu/home/mattias/pascal/wichtig/lazarus/components/lazdebuggers/lazdebuggerintf/lib/x86_64-linux"
Info: (lazarus) Param[15]="-Fu/home/mattias/pascal/wichtig/lazarus/components/debuggerintf/lib/x86_64-linux"
Info: (lazarus) Param[16]="-Fu/home/mattias/pascal/wichtig/lazarus/lcl/units/x86_64-linux"
Info: (lazarus) Param[17]="-Fu/home/mattias/pascal/wichtig/lazarus/ide/packages/ideconfig/lib/x86_64-linux"
Info: (lazarus) Param[18]="-Fu/home/mattias/pascal/wichtig/lazarus/components/lazedit/lib/x86_64-linux"
Info: (lazarus) Param[19]="-Fu/home/mattias/pascal/wichtig/lazarus/lcl/units/x86_64-linux/gtk2"
Info: (lazarus) Param[20]="-Fu/home/mattias/pascal/wichtig/lazarus/ide/packages/idepackager/lib/x86_64-linux"
Info: (lazarus) Param[21]="-Fu/home/mattias/pascal/wichtig/lazarus/components/lazcontrols/lib/x86_64-linux/gtk2"
Info: (lazarus) Param[22]="-Fu/home/mattias/pascal/wichtig/lazarus/components/synedit/units/x86_64-linux/gtk2"
Info: (lazarus) Param[23]="-Fu/home/mattias/pascal/wichtig/lazarus/components/ideintf/units/x86_64-linux/gtk2"
Info: (lazarus) Param[24]="-FU/home/mattias/pascal/wichtig/lazarus/ide/packages/idehelputils/lib/x86_64-linux/"
Info: (lazarus) Param[25]="-dLCL"
Info: (lazarus) Param[26]="-dLCLgtk2"
Info: (lazarus) Param[27]="idehelputils.pas"
Info: (lazarus) Param[28]="-B"
Info: (lazarus) Execute Title="Compile package IdeUtilsPkg 1.0"
Info: (lazarus) Working Directory="/home/mattias/pascal/wichtig/lazarus/ide/packages/ideutils/"
Info: (lazarus) Executable="/usr/lib/fpc/3.2.4/ppcx64"
Info: (lazarus) Param[0]="-MObjFPC"
Info: (lazarus) Param[1]="-Scghi"
Info: (lazarus) Param[2]="-Cg"
Info: (lazarus) Param[3]="-O1"
Info: (lazarus) Param[4]="-g"
Info: (lazarus) Param[5]="-gl"
Info: (lazarus) Param[6]="-l"
Info: (lazarus) Param[7]="-vewnhibq"
Info: (lazarus) Param[8]="-Fu/home/mattias/pascal/wichtig/lazarus/ide/packages/ideutils/"
Info: (lazarus) Param[9]="-Fu/home/mattias/pascal/wichtig/lazarus/packager/units/x86_64-linux"
Info: (lazarus) Param[10]="-Fu/home/mattias/pascal/wichtig/lazarus/components/lazutils/lib/x86_64-linux"
Info: (lazarus) Param[11]="-Fu/home/mattias/pascal/wichtig/lazarus/components/buildintf/units/x86_64-linux"
Info: (lazarus) Param[12]="-Fu/home/mattias/pascal/wichtig/lazarus/components/codetools/units/x86_64-linux"
Info: (lazarus) Param[13]="-Fu/home/mattias/pascal/wichtig/lazarus/components/freetype/lib/x86_64-linux"
Info: (lazarus) Param[14]="-Fu/home/mattias/pascal/wichtig/lazarus/components/lazdebuggers/lazdebuggerintf/lib/x86_64-linux"
Info: (lazarus) Param[15]="-Fu/home/mattias/pascal/wichtig/lazarus/components/debuggerintf/lib/x86_64-linux"
Info: (lazarus) Param[16]="-Fu/home/mattias/pascal/wichtig/lazarus/lcl/units/x86_64-linux"
Info: (lazarus) Param[17]="-Fu/home/mattias/pascal/wichtig/lazarus/ide/packages/ideconfig/lib/x86_64-linux"
Info: (lazarus) Param[18]="-Fu/home/mattias/pascal/wichtig/lazarus/components/lazedit/lib/x86_64-linux"
Info: (lazarus) Param[19]="-Fu/home/mattias/pascal/wichtig/lazarus/lcl/units/x86_64-linux/gtk2"
Info: (lazarus) Param[20]="-Fu/home/mattias/pascal/wichtig/lazarus/components/lazcontrols/lib/x86_64-linux/gtk2"
Info: (lazarus) Param[21]="-Fu/home/mattias/pascal/wichtig/lazarus/components/synedit/units/x86_64-linux/gtk2"
Info: (lazarus) Param[22]="-Fu/home/mattias/pascal/wichtig/lazarus/components/ideintf/units/x86_64-linux/gtk2"
Info: (lazarus) Param[23]="-FU/home/mattias/pascal/wichtig/lazarus/ide/packages/ideutils/lib/x86_64-linux/gtk2/"
Info: (lazarus) Param[24]="-dLCL"
Info: (lazarus) Param[25]="-dLCLgtk2"
Info: (lazarus) Param[26]="ideutilspkg.pas"
Info: (lazarus) Execute Title="Compile package LazControlDsgn 0.0"
Info: (lazarus) Working Directory="/home/mattias/pascal/wichtig/lazarus/components/lazcontrols/design/"
Info: (lazarus) Executable="/usr/lib/fpc/3.2.4/ppcx64"
Info: (lazarus) Param[0]="-MObjFPC"
Info: (lazarus) Param[1]="-Scghi"
Info: (lazarus) Param[2]="-Cg"
Info: (lazarus) Param[3]="-O1"
Info: (lazarus) Param[4]="-g"
Info: (lazarus) Param[5]="-gl"
Info: (lazarus) Param[6]="-l"
Info: (lazarus) Param[7]="-vewnhibq"
Info: (lazarus) Param[8]="-Fu/home/mattias/pascal/wichtig/lazarus/components/lazcontrols/design/"
Info: (lazarus) Param[9]="-Fu/home/mattias/pascal/wichtig/lazarus/packager/units/x86_64-linux"
Info: (lazarus) Param[10]="-Fu/home/mattias/pascal/wichtig/lazarus/components/lazutils/lib/x86_64-linux"
Info: (lazarus) Param[11]="-Fu/home/mattias/pascal/wichtig/lazarus/components/buildintf/units/x86_64-linux"
Info: (lazarus) Param[12]="-Fu/home/mattias/pascal/wichtig/lazarus/components/freetype/lib/x86_64-linux"
Info: (lazarus) Param[13]="-Fu/home/mattias/pascal/wichtig/lazarus/components/lazdebuggers/lazdebuggerintf/lib/x86_64-linux"
Info: (lazarus) Param[14]="-Fu/home/mattias/pascal/wichtig/lazarus/components/debuggerintf/lib/x86_64-linux"
Info: (lazarus) Param[15]="-Fu/home/mattias/pascal/wichtig/lazarus/lcl/units/x86_64-linux"
Info: (lazarus) Param[16]="-Fu/home/mattias/pascal/wichtig/lazarus/components/lazedit/lib/x86_64-linux"
Info: (lazarus) Param[17]="-Fu/home/mattias/pascal/wichtig/lazarus/lcl/units/x86_64-linux/gtk2"
Info: (lazarus) Param[18]="-Fu/home/mattias/pascal/wichtig/lazarus/components/lazcontrols/lib/x86_64-linux/gtk2"
Info: (lazarus) Param[19]="-Fu/home/mattias/pascal/wichtig/lazarus/components/ideintf/units/x86_64-linux/gtk2"
Info: (lazarus) Param[20]="-FU/home/mattias/pascal/wichtig/lazarus/components/lazcontrols/design/lib/x86_64-linux/gtk2/"
Info: (lazarus) Param[21]="-dLCL"
Info: (lazarus) Param[22]="-dLCLgtk2"
Info: (lazarus) Param[23]="lazcontroldsgn.pas"
Info: (lazarus) Execute Title="Compile package IdeSynEdit 1.0"
Info: (lazarus) Working Directory="/home/mattias/pascal/wichtig/lazarus/ide/packages/idesynedit/"
Info: (lazarus) Executable="/usr/lib/fpc/3.2.4/ppcx64"
Info: (lazarus) Param[0]="-MObjFPC"
Info: (lazarus) Param[1]="-Scghi"
Info: (lazarus) Param[2]="-Cg"
Info: (lazarus) Param[3]="-O1"
Info: (lazarus) Param[4]="-g"
Info: (lazarus) Param[5]="-gl"
Info: (lazarus) Param[6]="-l"
Info: (lazarus) Param[7]="-vewnhibq"
Info: (lazarus) Param[8]="-Fu/home/mattias/pascal/wichtig/lazarus/ide/packages/idesynedit/"
Info: (lazarus) Param[9]="-Fu/home/mattias/pascal/wichtig/lazarus/packager/units/x86_64-linux"
Info: (lazarus) Param[10]="-Fu/home/mattias/pascal/wichtig/lazarus/components/lazutils/lib/x86_64-linux"
Info: (lazarus) Param[11]="-Fu/home/mattias/pascal/wichtig/lazarus/components/buildintf/units/x86_64-linux"
Info: (lazarus) Param[12]="-Fu/home/mattias/pascal/wichtig/lazarus/components/codetools/units/x86_64-linux"
Info: (lazarus) Param[13]="-Fu/home/mattias/pascal/wichtig/lazarus/components/freetype/lib/x86_64-linux"
Info: (lazarus) Param[14]="-Fu/home/mattias/pascal/wichtig/lazarus/components/lazdebuggers/lazdebuggerintf/lib/x86_64-linux"
Info: (lazarus) Param[15]="-Fu/home/mattias/pascal/wichtig/lazarus/components/debuggerintf/lib/x86_64-linux"
Info: (lazarus) Param[16]="-Fu/home/mattias/pascal/wichtig/lazarus/lcl/units/x86_64-linux"
Info: (lazarus) Param[17]="-Fu/home/mattias/pascal/wichtig/lazarus/components/lazedit/lib/x86_64-linux"
Info: (lazarus) Param[18]="-Fu/home/mattias/pascal/wichtig/lazarus/lcl/units/x86_64-linux/gtk2"
Info: (lazarus) Param[19]="-Fu/home/mattias/pascal/wichtig/lazarus/components/lazcontrols/lib/x86_64-linux/gtk2"
Info: (lazarus) Param[20]="-Fu/home/mattias/pascal/wichtig/lazarus/components/synedit/units/x86_64-linux/gtk2"
Info: (lazarus) Param[21]="-Fu/home/mattias/pascal/wichtig/lazarus/components/ideintf/units/x86_64-linux/gtk2"
Info: (lazarus) Param[22]="-FU/home/mattias/pascal/wichtig/lazarus/ide/packages/idesynedit/lib/x86_64-linux/"
Info: (lazarus) Param[23]="-dLCL"
Info: (lazarus) Param[24]="-dLCLgtk2"
Info: (lazarus) Param[25]="idesynedit.pas"
Info: (lazarus) Param[26]="-B"
Hint: (11030) Start of reading config file /home/mattias/.fpc.cfg
Hint: (11030) Start of reading config file /etc/fpc.cfg
Hint: (11031) End of reading config file /etc/fpc.cfg
Hint: (11031) End of reading config file /home/mattias/.fpc.cfg
/home/mattias/pascal/wichtig/lazarus/components/fpdebug/fpdbglinuxaarch64classes.pas(125,30) Note: (5027) Local variable "FPDBG_LINUX" is assigned but never used
(3104) Compiling fpdbgdwarfverboseprinter.pas
(3104) Compiling fpdbgdwarffreepascal.pas
(3104) Compiling fpdbgavrclasses.pas
(3104) Compiling fpdbgrsp.pas
(3104) Compiling fpdbgrspclasses.pas
Hint: (11030) Start of reading config file /home/mattias/.fpc.cfg
Hint: (11030) Start of reading config file /etc/fpc.cfg
Hint: (11031) End of reading config file /etc/fpc.cfg
Hint: (11031) End of reading config file /home/mattias/.fpc.cfg
Hint: (11030) Start of reading config file /home/mattias/.fpc.cfg
Hint: (11030) Start of reading config file /etc/fpc.cfg
Hint: (11031) End of reading config file /etc/fpc.cfg
Hint: (11031) End of reading config file /home/mattias/.fpc.cfg
Hint: (11030) Start of reading config file /home/mattias/.fpc.cfg
Hint: (11030) Start of reading config file /etc/fpc.cfg
Hint: (11031) End of reading config file /etc/fpc.cfg
Hint: (11031) End of reading config file /home/mattias/.fpc.cfg
Hint: (11030) Start of reading config file /home/mattias/.fpc.cfg
Hint: (11030) Start of reading config file /etc/fpc.cfg
Hint: (11031) End of reading config file /etc/fpc.cfg
Hint: (11031) End of reading config file /home/mattias/.fpc.cfg
Hint: (11030) Start of reading config file /home/mattias/.fpc.cfg
Hint: (11030) Start of reading config file /etc/fpc.cfg
Hint: (11031) End of reading config file /etc/fpc.cfg
Hint: (11031) End of reading config file /home/mattias/.fpc.cfg
/home/mattias/pascal/wichtig/lazarus/components/fpdebug/fpdbgavrclasses.pas(89,14) Note: (3250) Virtual method "GetStackUnwinder:TDbgStackUnwinder;" has a lower visibility (protected) than parent class TDbgThread (public)
(3104) Compiling fpdbgdisasavr.pp
(3104) Compiling fpdbghardcodedfreepascalinfo.pas
/usr/lib/fpc/3.2.4/units/x86_64-linux/rtl-generics/generics.collections.ppu:generics.collections.pas(150,52) Note: (5071) Private type "TCustomPointersEnumerator$2<SYSTEM.AnsiString,FPDBGHARDCODEDFREEPASCALINFO.TCustomList$1$crc6824777A.PT>.T" never used
/usr/lib/fpc/3.2.4/units/x86_64-linux/rtl-generics/generics.collections.ppu:generics.collections.pas(150,52) Note: (5071) Private type "TCustomPointersEnumerator$2<FPDBGHARDCODEDFREEPASCALINFO.TDbgHardcodedFPCClassMember,FPDBGHARDCODEDFREEPASCALINFO.TCustomList$1$crc958627E2.PT>.T" never used
/usr/lib/fpc/3.2.4/units/x86_64-linux/rtl-generics/generics.collections.ppu:generics.collections.pas(150,52) Note: (5071) Private type "TCustomPointersEnumerator$2<FPDBGHARDCODEDFREEPASCALINFO.TPair$2<SYSTEM.AnsiString,FPDBGHARDCODEDFREEPASCALINFO.TDbgHardcodedFPCClassMember>,FPDBGHARDCODEDFREEPASCALINFO.TCustomList$1$crc9B5DAFD0.PT>.T" never used
(3104) Compiling fpwatchresultdata.pas
(3104) Compiling fpdbgdisasriscv.pas
(3104) Compiling fpdbgriscvclasses.pas
/home/mattias/pascal/wichtig/lazarus/components/fpdebug/fpdbgriscvclasses.pas(43,14) Note: (3250) Virtual method "GetStackUnwinder:TDbgStackUnwinder;" has a lower visibility (protected) than parent class TDbgThread (public)
/home/mattias/pascal/wichtig/lazarus/components/fpdebug/fpdbgdisasriscv.pas(260,5) Note: (5072) Private const "TRiscvAsmDecoder.MaxEpilogueSize" never used
Free Pascal Compiler version 3.2.4-rc1 [2025/04/09] for x86_64
Copyright (c) 1993-2024 by Florian Klaempfl and others
(1002) Target OS: Linux for x86-64
(3104) Compiling idesynedit.pas
(3104) Compiling etsrceditmarks.pas
/home/mattias/pascal/wichtig/lazarus/ide/packages/idesynedit/etsrceditmarks.pas(189,27) Hint: (5024) Parameter "Data" not used
/home/mattias/pascal/wichtig/lazarus/ide/packages/idesynedit/etsrceditmarks.pas(216,26) Hint: (5024) Parameter "Sender" not used
Free Pascal Compiler version 3.2.4-rc1 [2025/04/09] for x86_64
Copyright (c) 1993-2024 by Florian Klaempfl and others
(1002) Target OS: Linux for x86-64
(3104) Compiling idehelputils.pas
(3104) Compiling codehelp.pas
(3104) Compiling idehelputilstrings.pas
/home/mattias/pascal/wichtig/lazarus/components/fpdebug/fpdbgdisasriscv.pas(335,3) Note: (5025) Local variable "DBG_WARNINGS" not used
(3104) Compiling fpdbgdisasxtensa.pas
/home/mattias/pascal/wichtig/lazarus/components/fpdebug/fpdbgdisasxtensa.pas(106,5) Note: (5072) Private const "TXtensaAsmDecoder.MaxEpilogueSize" never used
/home/mattias/pascal/wichtig/lazarus/components/fpdebug/fpdbgdisasxtensa.pas(150,3) Note: (5025) Local variable "DBG_WARNINGS" not used
(3104) Compiling fpdbgxtensaclasses.pas
/home/mattias/pascal/wichtig/lazarus/ide/packages/idesynedit/etsrceditmarks.pas(217,34) Hint: (5024) Parameter "aText" not used
(3104) Compiling sourcemarks.pas
(3104) Compiling sourcesyneditor.pas
/home/mattias/pascal/wichtig/lazarus/ide/packages/idesynedit/sourcesyneditor.pas(62,3) Warning: (5075) Unit "SynEditHighlighter" is deprecated: "Use LazEditHighlighter / this unit will be removed in 5.99"
(3104) Compiling idesyneditstrings.pas
(1010) Writing Resource String Table file: idesyneditstrings.rsj
/home/mattias/pascal/wichtig/lazarus/ide/packages/idesynedit/sourcesyneditor.pas(202,33) Hint: (5024) Parameter "Sender" not used
/home/mattias/pascal/wichtig/lazarus/ide/packages/idesynedit/sourcesyneditor.pas(202,55) Hint: (5024) Parameter "AfterProcessing" not used
/home/mattias/pascal/wichtig/lazarus/ide/packages/idesynedit/sourcesyneditor.pas(204,24) Hint: (5024) Parameter "AChar" not used
/home/mattias/pascal/wichtig/lazarus/ide/packages/idesynedit/sourcesyneditor.pas(204,47) Hint: (5024) Parameter "Data" not used
/home/mattias/pascal/wichtig/lazarus/ide/packages/idesynedit/sourcesyneditor.pas(204,67) Hint: (5024) Parameter "HandlerData" not used
/home/mattias/pascal/wichtig/lazarus/ide/packages/idesynedit/sourcesyneditor.pas(103,31) Hint: (5024) Parameter "Sender" not used
/home/mattias/pascal/wichtig/lazarus/ide/packages/idesynedit/sourcesyneditor.pas(304,34) Hint: (5024) Parameter "Sender" not used
/home/mattias/pascal/wichtig/lazarus/ide/packages/idesynedit/sourcesyneditor.pas(1689,43) Hint: (4055) Conversion between ordinals and pointers is not portable
/home/mattias/pascal/wichtig/lazarus/ide/packages/idesynedit/sourcesyneditor.pas(1742,55) Hint: (4055) Conversion between ordinals and pointers is not portable
/home/mattias/pascal/wichtig/lazarus/ide/packages/idesynedit/sourcesyneditor.pas(316,34) Hint: (5024) Parameter "Sender" not used
/home/mattias/pascal/wichtig/lazarus/ide/packages/idesynedit/sourcesyneditor.pas(297,39) Hint: (5024) Parameter "Sender" not used
/home/mattias/pascal/wichtig/lazarus/ide/packages/idesynedit/sourcesyneditor.pas(297,67) Hint: (5024) Parameter "Info" not used
/home/mattias/pascal/wichtig/lazarus/ide/packages/idesynedit/sourcesyneditor.pas(1873,35) Warning: (5066) Symbol "FScreenCaretPainterClass" is deprecated: "need refactor"
/home/mattias/pascal/wichtig/lazarus/ide/packages/idesynedit/sourcesyneditor.pas(1880,35) Warning: (5066) Symbol "FScreenCaretPainterClass" is deprecated: "need refactor"
/home/mattias/pascal/wichtig/lazarus/ide/packages/idesynedit/sourcesyneditor.pas(289,38) Hint: (5024) Parameter "Sender" not used
/home/mattias/pascal/wichtig/lazarus/ide/packages/idesynedit/sourcesyneditor.pas(288,7) Hint: (5024) Parameter "HandleActionProc" not used
/home/mattias/pascal/wichtig/lazarus/ide/packages/idesynedit/sourcesyneditor.pas(2087,51) Warning: (5063) Symbol "TextViewsManager" is experimental
/home/mattias/pascal/wichtig/lazarus/ide/packages/idesynedit/sourcesyneditor.pas(2117,47) Warning: (5063) Symbol "TextViewsManager" is experimental
/home/mattias/pascal/wichtig/lazarus/ide/packages/idesynedit/sourcesyneditor.pas(2147,91) Warning: (5063) Symbol "CreateOverviewGutterPart" is experimental
/home/mattias/pascal/wichtig/lazarus/ide/packages/idesynedit/sourcesyneditor.pas(389,30) Hint: (5024) Parameter "Sender" not used
/home/mattias/pascal/wichtig/lazarus/ide/packages/idesynedit/sourcesyneditor.pas(414,35) Hint: (5024) Parameter "ALines" not used
/home/mattias/pascal/wichtig/lazarus/ide/packages/idesynedit/sourcesyneditor.pas(2314,61) Hint: (4055) Conversion between ordinals and pointers is not portable
/home/mattias/pascal/wichtig/lazarus/ide/packages/idesynedit/sourcesyneditor.pas(453,29) Hint: (5024) Parameter "Sender" not used
/home/mattias/pascal/wichtig/lazarus/ide/packages/idesynedit/sourcesyneditor.pas(454,32) Hint: (5024) Parameter "Sender" not used
/home/mattias/pascal/wichtig/lazarus/ide/packages/idesynedit/sourcesyneditor.pas(454,62) Hint: (5024) Parameter "AIndex" not used
/home/mattias/pascal/wichtig/lazarus/ide/packages/idesynedit/sourcesyneditor.pas(454,75) Hint: (5024) Parameter "ACount" not used
/home/mattias/pascal/wichtig/lazarus/ide/packages/idesynedit/sourcesyneditor.pas(2724,27) Hint: (5024) Parameter "Line" not used
/home/mattias/pascal/wichtig/lazarus/ide/packages/idesynedit/sourcesyneditor.pas(561,35) Hint: (5024) Parameter "Sender" not used
/home/mattias/pascal/wichtig/lazarus/ide/packages/idesynedit/sourcesyneditor.pas(562,42) Hint: (5024) Parameter "Sender" not used
/home/mattias/pascal/wichtig/lazarus/ide/packages/idesynedit/sourcesyneditor.pas(563,43) Hint: (5024) Parameter "Sender" not used
/home/mattias/pascal/wichtig/lazarus/ide/packages/idesynedit/sourcesyneditor.pas(564,40) Hint: (5024) Parameter "Sender" not used
/home/mattias/pascal/wichtig/lazarus/ide/packages/idesynedit/sourcesyneditor.pas(565,44) Hint: (5024) Parameter "Sender" not used
/home/mattias/pascal/wichtig/lazarus/ide/packages/idesynedit/sourcesyneditor.pas(3115,44) Hint: (4055) Conversion between ordinals and pointers is not portable
/home/mattias/pascal/wichtig/lazarus/ide/packages/idesynedit/sourcesyneditor.pas(3166,43) Hint: (4055) Conversion between ordinals and pointers is not portable
/home/mattias/pascal/wichtig/lazarus/ide/packages/idesynedit/sourcesyneditor.pas(3167,25) Warning: (5066) Symbol "sfaFoldFold" is deprecated: "use LazEditFoldHighlighter.TSynFoldAction.sfaFoldFold // will be removed in 5.99"
/home/mattias/pascal/wichtig/lazarus/ide/packages/idesynedit/sourcesyneditor.pas(557,35) Hint: (5024) Parameter "Sender" not used
/home/mattias/pascal/wichtig/lazarus/ide/packages/idesynedit/sourcesyneditor.pas(3235,44) Hint: (4055) Conversion between ordinals and pointers is not portable
/home/mattias/pascal/wichtig/lazarus/ide/packages/idesynedit/sourcesyneditor.pas(558,39) Hint: (5024) Parameter "Sender" not used
/home/mattias/pascal/wichtig/lazarus/ide/packages/idesynedit/sourcesyneditor.pas(3274,43) Hint: (4055) Conversion between ordinals and pointers is not portable
/home/mattias/pascal/wichtig/lazarus/ide/packages/idesynedit/sourcesyneditor.pas(3276,25) Warning: (5066) Symbol "sfaFoldFold" is deprecated: "use LazEditFoldHighlighter.TSynFoldAction.sfaFoldFold // will be removed in 5.99"
/home/mattias/pascal/wichtig/lazarus/ide/packages/idesynedit/sourcesyneditor.pas(559,37) Hint: (5024) Parameter "Sender" not used
/home/mattias/pascal/wichtig/lazarus/ide/packages/idesynedit/sourcesyneditor.pas(3312,43) Hint: (4055) Conversion between ordinals and pointers is not portable
/home/mattias/pascal/wichtig/lazarus/ide/packages/idesynedit/sourcesyneditor.pas(3314,25) Warning: (5066) Symbol "sfaFoldHide" is deprecated: "use LazEditFoldHighlighter.TSynFoldAction.sfaFoldHide // will be removed in 5.99"
/home/mattias/pascal/wichtig/lazarus/ide/packages/idesynedit/sourcesyneditor.pas(560,37) Hint: (5024) Parameter "Sender" not used
/home/mattias/pascal/wichtig/lazarus/ide/packages/idesynedit/sourcesyneditor.pas(3414,43) Hint: (4055) Conversion between ordinals and pointers is not portable
Free Pascal Compiler version 3.2.4-rc1 [2025/04/09] for x86_64
Copyright (c) 1993-2024 by Florian Klaempfl and others
(1002) Target OS: Linux for x86-64
(3104) Compiling cmdlinedebuggerbase.pas
(1008) 15 lines compiled, 0.9 sec
(1022) 4 hint(s) issued
Free Pascal Compiler version 3.2.4-rc1 [2025/04/09] for x86_64
Copyright (c) 1993-2024 by Florian Klaempfl and others
(1002) Target OS: Linux for x86-64
(3104) Compiling lazcontroldsgn.pas
(1008) 22 lines compiled, 0.9 sec
(1022) 4 hint(s) issued
Free Pascal Compiler version 3.2.4-rc1 [2025/04/09] for x86_64
Copyright (c) 1993-2024 by Florian Klaempfl and others
(1002) Target OS: Linux for x86-64
(3104) Compiling ideutilspkg.pas
(1008) 21 lines compiled, 0.9 sec
(1022) 4 hint(s) issued
Info: (lazarus) Execute Title="Compile package LazDebuggerGdbmi 0.1"
Info: (lazarus) Working Directory="/home/mattias/pascal/wichtig/lazarus/components/lazdebuggergdbmi/"
Info: (lazarus) Executable="/usr/lib/fpc/3.2.4/ppcx64"
Info: (lazarus) Param[0]="-MObjFPC"
Info: (lazarus) Param[1]="-Scghi"
Info: (lazarus) Param[2]="-Cg"
Info: (lazarus) Param[3]="-O1"
Info: (lazarus) Param[4]="-g"
Info: (lazarus) Param[5]="-gl"
Info: (lazarus) Param[6]="-l"
Info: (lazarus) Param[7]="-vewnhibq"
Info: (lazarus) Param[8]="-Fu/home/mattias/pascal/wichtig/lazarus/components/lazdebuggergdbmi/"
Info: (lazarus) Param[9]="-Fu/home/mattias/pascal/wichtig/lazarus/packager/units/x86_64-linux"
Info: (lazarus) Param[10]="-Fu/home/mattias/pascal/wichtig/lazarus/components/lazutils/lib/x86_64-linux"
Info: (lazarus) Param[11]="-Fu/home/mattias/pascal/wichtig/lazarus/components/buildintf/units/x86_64-linux"
Info: (lazarus) Param[12]="-Fu/home/mattias/pascal/wichtig/lazarus/components/freetype/lib/x86_64-linux"
Info: (lazarus) Param[13]="-Fu/home/mattias/pascal/wichtig/lazarus/components/lazdebuggers/lazdebuggerintf/lib/x86_64-linux"
Info: (lazarus) Param[14]="-Fu/home/mattias/pascal/wichtig/lazarus/components/debuggerintf/lib/x86_64-linux"
Info: (lazarus) Param[15]="-Fu/home/mattias/pascal/wichtig/lazarus/lcl/units/x86_64-linux"
Info: (lazarus) Param[16]="-Fu/home/mattias/pascal/wichtig/lazarus/components/lazedit/lib/x86_64-linux"
Info: (lazarus) Param[17]="-Fu/home/mattias/pascal/wichtig/lazarus/lcl/units/x86_64-linux/gtk2"
Info: (lazarus) Param[18]="-Fu/home/mattias/pascal/wichtig/lazarus/components/lazcontrols/lib/x86_64-linux/gtk2"
Info: (lazarus) Param[19]="-Fu/home/mattias/pascal/wichtig/lazarus/components/ideintf/units/x86_64-linux/gtk2"
Info: (lazarus) Param[20]="-Fu/home/mattias/pascal/wichtig/lazarus/components/lazdebuggers/cmdlinedebuggerbase/lib/x86_64-linux/gtk2"
Info: (lazarus) Param[21]="-FU/home/mattias/pascal/wichtig/lazarus/components/lazdebuggergdbmi/units/x86_64-linux/gtk2/"
Info: (lazarus) Param[22]="-dLCL"
Info: (lazarus) Param[23]="-dLCLgtk2"
Info: (lazarus) Param[24]="lazdebuggergdbmi.pas"
Info: (lazarus) Execute Title="Compile package LazDebuggerLldb 0.0"
Info: (lazarus) Working Directory="/home/mattias/pascal/wichtig/lazarus/components/lazdebuggers/lazdebuggerlldb/"
Info: (lazarus) Executable="/usr/lib/fpc/3.2.4/ppcx64"
Info: (lazarus) Param[0]="-MObjFPC"
Info: (lazarus) Param[1]="-Scghi"
Info: (lazarus) Param[2]="-Cg"
Info: (lazarus) Param[3]="-O1"
Info: (lazarus) Param[4]="-g"
Info: (lazarus) Param[5]="-gl"
Info: (lazarus) Param[6]="-l"
Info: (lazarus) Param[7]="-vewnhibq"
Info: (lazarus) Param[8]="-Fu/home/mattias/pascal/wichtig/lazarus/components/lazdebuggers/lazdebuggerlldb/"
Info: (lazarus) Param[9]="-Fu/home/mattias/pascal/wichtig/lazarus/packager/units/x86_64-linux"
Info: (lazarus) Param[10]="-Fu/home/mattias/pascal/wichtig/lazarus/components/lazutils/lib/x86_64-linux"
Info: (lazarus) Param[11]="-Fu/home/mattias/pascal/wichtig/lazarus/components/buildintf/units/x86_64-linux"
Info: (lazarus) Param[12]="-Fu/home/mattias/pascal/wichtig/lazarus/components/freetype/lib/x86_64-linux"
Info: (lazarus) Param[13]="-Fu/home/mattias/pascal/wichtig/lazarus/components/lazdebuggers/lazdebuggerintf/lib/x86_64-linux"
Info: (lazarus) Param[14]="-Fu/home/mattias/pascal/wichtig/lazarus/components/debuggerintf/lib/x86_64-linux"
Info: (lazarus) Param[15]="-Fu/home/mattias/pascal/wichtig/lazarus/lcl/units/x86_64-linux"
Info: (lazarus) Param[16]="-Fu/home/mattias/pascal/wichtig/lazarus/components/lazedit/lib/x86_64-linux"
Info: (lazarus) Param[17]="-Fu/home/mattias/pascal/wichtig/lazarus/lcl/units/x86_64-linux/gtk2"
Info: (lazarus) Param[18]="-Fu/home/mattias/pascal/wichtig/lazarus/components/lazcontrols/lib/x86_64-linux/gtk2"
Info: (lazarus) Param[19]="-Fu/home/mattias/pascal/wichtig/lazarus/components/ideintf/units/x86_64-linux/gtk2"
Info: (lazarus) Param[20]="-Fu/home/mattias/pascal/wichtig/lazarus/components/lazdebuggers/cmdlinedebuggerbase/lib/x86_64-linux/gtk2"
Info: (lazarus) Param[21]="-FU/home/mattias/pascal/wichtig/lazarus/components/lazdebuggers/lazdebuggerlldb/lib/x86_64-linux/gtk2/"
Info: (lazarus) Param[22]="-dLCL"
Info: (lazarus) Param[23]="-dLCLgtk2"
Info: (lazarus) Param[24]="lazdebuggerlldb.pas"
(1010) Writing Resource String Table file: idehelputilstrings.rsj
/home/mattias/pascal/wichtig/lazarus/ide/packages/idehelputils/codehelp.pas(247,55) Hint: (5024) Parameter "AsLast" not used
/home/mattias/pascal/wichtig/lazarus/ide/packages/idehelputils/codehelp.pas(1350,21) Hint: (5091) Local variable "s" of a managed type does not seem to be initialized
/home/mattias/pascal/wichtig/lazarus/ide/packages/idehelputils/codehelp.pas(1516,21) Hint: (5091) Local variable "s" of a managed type does not seem to be initialized
/home/mattias/pascal/wichtig/lazarus/ide/packages/idehelputils/codehelp.pas(309,34) Hint: (5024) Parameter "Complete" not used
/home/mattias/pascal/wichtig/lazarus/ide/packages/idehelputils/codehelp.pas(3218,18) Warning: (5066) Symbol "NestedComments" is deprecated: "Use ModeSwitches / Will be removed in 5.99"
/home/mattias/pascal/wichtig/lazarus/ide/packages/idehelputils/codehelp.pas(3218,32) Warning: (5043) Symbol "SetNestedComments" is deprecated
/home/mattias/pascal/wichtig/lazarus/ide/packages/idehelputils/codehelp.pas(3219,59) Warning: (5063) Symbol "SetAlternativeLineTextForGetTokens" is experimental
(3104) Compiling srcedithintfrm.pas
/home/mattias/pascal/wichtig/lazarus/ide/packages/idehelputils/srcedithintfrm.pas(58,31) Hint: (5024) Parameter "Sender" not used
/home/mattias/pascal/wichtig/lazarus/ide/packages/idehelputils/srcedithintfrm.pas(58,57) Hint: (5024) Parameter "Done" not used
/home/mattias/pascal/wichtig/lazarus/ide/packages/idehelputils/srcedithintfrm.pas(59,26) Hint: (5024) Parameter "Sender" not used
/home/mattias/pascal/wichtig/lazarus/ide/packages/idehelputils/srcedithintfrm.pas(60,27) Hint: (5024) Parameter "Sender" not used
/home/mattias/pascal/wichtig/lazarus/ide/packages/idehelputils/srcedithintfrm.pas(61,27) Hint: (5024) Parameter "Sender" not used
/home/mattias/pascal/wichtig/lazarus/ide/packages/idehelputils/srcedithintfrm.pas(62,32) Hint: (5024) Parameter "Sender" not used
/home/mattias/pascal/wichtig/lazarus/ide/packages/idehelputils/srcedithintfrm.pas(63,31) Hint: (5024) Parameter "Sender" not used
/home/mattias/pascal/wichtig/lazarus/ide/packages/idehelputils/srcedithintfrm.pas(72,40) Hint: (5024) Parameter "Sender" not used
/home/mattias/pascal/wichtig/lazarus/ide/packages/idehelputils/srcedithintfrm.pas(49,41) Hint: (5024) Parameter "PreferredWidth" not used
/home/mattias/pascal/wichtig/lazarus/ide/packages/idehelputils/srcedithintfrm.pas(49,62) Hint: (5024) Parameter "PreferredHeight" not used
(3104) Compiling fpdochints.pas
/home/mattias/pascal/wichtig/lazarus/ide/packages/idehelputils/fpdochints.pas(54,31) Hint: (5024) Parameter "Sender" not used
/home/mattias/pascal/wichtig/lazarus/ide/packages/idehelputils/fpdochints.pas(54,57) Hint: (5024) Parameter "Done" not used
(3104) Compiling fpdocselectinherited.pas
/home/mattias/pascal/wichtig/lazarus/ide/packages/idehelputils/fpdocselectinherited.pas(38,26) Hint: (5024) Parameter "Sender" not used
(3104) Compiling fpdocselectlink.pas
/home/mattias/pascal/wichtig/lazarus/ide/packages/idehelputils/fpdocselectlink.pas(109,26) Hint: (5024) Parameter "Sender" not used
/home/mattias/pascal/wichtig/lazarus/ide/packages/idehelputils/fpdocselectlink.pas(110,27) Hint: (5024) Parameter "Sender" not used
/home/mattias/pascal/wichtig/lazarus/ide/packages/idehelputils/fpdocselectlink.pas(108,34) Hint: (5024) Parameter "Sender" not used
/home/mattias/pascal/wichtig/lazarus/ide/packages/idehelputils/fpdocselectlink.pas(106,38) Hint: (5024) Parameter "Sender" not used
/home/mattias/pascal/wichtig/lazarus/ide/packages/idehelputils/fpdocselectlink.pas(106,60) Hint: (5024) Parameter "Button" not used
/home/mattias/pascal/wichtig/lazarus/ide/packages/idehelputils/fpdocselectlink.pas(107,12) Hint: (5024) Parameter "Shift" not used
/home/mattias/pascal/wichtig/lazarus/ide/packages/idehelputils/fpdocselectlink.pas(107,37) Hint: (5024) Parameter "X" not used
/home/mattias/pascal/wichtig/lazarus/ide/packages/idehelputils/fpdocselectlink.pas(111,30) Hint: (5024) Parameter "Sender" not used
/home/mattias/pascal/wichtig/lazarus/components/fpdebug/fpdbgxtensaclasses.pas(53,14) Note: (3250) Virtual method "GetStackUnwinder:TDbgStackUnwinder;" has a lower visibility (protected) than parent class TDbgThread (public)
(1008) 75309 lines compiled, 4.1 sec
(1023) 33 note(s) issued
Free Pascal Compiler version 3.2.4-rc1 [2025/04/09] for x86_64
Copyright (c) 1993-2024 by Florian Klaempfl and others
(1002) Target OS: Linux for x86-64
(3104) Compiling laz.virtualtreeview_package.pas
(1008) 24 lines compiled, 1.0 sec
(1022) 4 hint(s) issued
/home/mattias/pascal/wichtig/lazarus/ide/packages/idesynedit/sourcesyneditor.pas(44,3) Hint: (5023) Unit "LazSynIMMBase" not used in SourceSynEditor
/home/mattias/pascal/wichtig/lazarus/ide/packages/idesynedit/idesynedit.pas(11,3) Hint: (5023) Unit "etSrcEditMarks" not used in IdeSynEdit
/home/mattias/pascal/wichtig/lazarus/ide/packages/idesynedit/idesynedit.pas(11,19) Hint: (5023) Unit "SourceMarks" not used in IdeSynEdit
/home/mattias/pascal/wichtig/lazarus/ide/packages/idesynedit/idesynedit.pas(11,32) Hint: (5023) Unit "SourceSynEditor" not used in IdeSynEdit
Info: (lazarus) Execute Title="Compile package LazDebuggerFp 1.0"
Info: (lazarus) Working Directory="/home/mattias/pascal/wichtig/lazarus/components/lazdebuggers/lazdebuggerfp/"
Info: (lazarus) Executable="/usr/lib/fpc/3.2.4/ppcx64"
Info: (lazarus) Param[0]="-MObjFPC"
Info: (lazarus) Param[1]="-Scghi"
Info: (lazarus) Param[2]="-Cg"
Info: (lazarus) Param[3]="-O1"
Info: (lazarus) Param[4]="-g"
Info: (lazarus) Param[5]="-gl"
Info: (lazarus) Param[6]="-l"
Info: (lazarus) Param[7]="-vewnhibq"
Info: (lazarus) Param[8]="-vm6058,3123"
Info: (lazarus) Param[9]="-Fu/home/mattias/pascal/wichtig/lazarus/components/lazdebuggers/lazdebuggerfp/"
Info: (lazarus) Param[10]="-Fu/home/mattias/pascal/wichtig/lazarus/packager/units/x86_64-linux"
Info: (lazarus) Param[11]="-Fu/home/mattias/pascal/wichtig/lazarus/components/lazutils/lib/x86_64-linux"
Info: (lazarus) Param[12]="-Fu/home/mattias/pascal/wichtig/lazarus/components/buildintf/units/x86_64-linux"
Info: (lazarus) Param[13]="-Fu/home/mattias/pascal/wichtig/lazarus/components/freetype/lib/x86_64-linux"
Info: (lazarus) Param[14]="-Fu/home/mattias/pascal/wichtig/lazarus/components/lazdebuggers/lazdebuggerintf/lib/x86_64-linux"
Info: (lazarus) Param[15]="-Fu/home/mattias/pascal/wichtig/lazarus/components/debuggerintf/lib/x86_64-linux"
Info: (lazarus) Param[16]="-Fu/home/mattias/pascal/wichtig/lazarus/lcl/units/x86_64-linux"
Info: (lazarus) Param[17]="-Fu/home/mattias/pascal/wichtig/lazarus/components/fpdebug/lib/x86_64-linux"
Info: (lazarus) Param[18]="-Fu/home/mattias/pascal/wichtig/lazarus/components/lazedit/lib/x86_64-linux"
Info: (lazarus) Param[19]="-Fu/home/mattias/pascal/wichtig/lazarus/lcl/units/x86_64-linux/gtk2"
Info: (lazarus) Param[20]="-Fu/home/mattias/pascal/wichtig/lazarus/components/lazcontrols/lib/x86_64-linux/gtk2"
Info: (lazarus) Param[21]="-Fu/home/mattias/pascal/wichtig/lazarus/components/ideintf/units/x86_64-linux/gtk2"
Info: (lazarus) Param[22]="-Fu/home/mattias/pascal/wichtig/lazarus/components/lazdebuggers/cmdlinedebuggerbase/lib/x86_64-linux/gtk2"
Info: (lazarus) Param[23]="-FU/home/mattias/pascal/wichtig/lazarus/components/lazdebuggers/lazdebuggerfp/lib/x86_64-linux/gtk2/"
Info: (lazarus) Param[24]="-dLCL"
Info: (lazarus) Param[25]="-dLCLgtk2"
Info: (lazarus) Param[26]="lazdebuggerfp.pas"
/home/mattias/pascal/wichtig/lazarus/ide/packages/idesynedit/idesynedit.pas(11,49) Hint: (5023) Unit "IdeSynEditStrings" not used in IdeSynEdit
(1008) 5641 lines compiled, 1.1 sec
(1021) 9 warning(s) issued
(1022) 49 hint(s) issued
Hint: (11030) Start of reading config file /home/mattias/.fpc.cfg
Hint: (11030) Start of reading config file /etc/fpc.cfg
Hint: (11031) End of reading config file /etc/fpc.cfg
Hint: (11031) End of reading config file /home/mattias/.fpc.cfg
/home/mattias/pascal/wichtig/lazarus/ide/packages/idehelputils/fpdocselectlink.pas(112,31) Hint: (5024) Parameter "Sender" not used
(3104) Compiling idecontexthelpedit.pas
(3104) Compiling idewindowhelp.pas
/home/mattias/pascal/wichtig/lazarus/ide/packages/idehelputils/idecontexthelpedit.pas(90,25) Hint: (5024) Parameter "Sender" not used
/home/mattias/pascal/wichtig/lazarus/ide/packages/idehelputils/idecontexthelpedit.pas(90,51) Hint: (5024) Parameter "CloseAction" not used
/home/mattias/pascal/wichtig/lazarus/ide/packages/idehelputils/idecontexthelpedit.pas(89,51) Hint: (5024) Parameter "Sender" not used
/home/mattias/pascal/wichtig/lazarus/ide/packages/idehelputils/idecontexthelpedit.pas(88,40) Hint: (5024) Parameter "Sender" not used
/home/mattias/pascal/wichtig/lazarus/ide/packages/idehelputils/idecontexthelpedit.pas(91,26) Hint: (5024) Parameter "Sender" not used
/home/mattias/pascal/wichtig/lazarus/ide/packages/idehelputils/idecontexthelpedit.pas(92,27) Hint: (5024) Parameter "Sender" not used
/home/mattias/pascal/wichtig/lazarus/ide/packages/idehelputils/idecontexthelpedit.pas(94,49) Hint: (5024) Parameter "Sender" not used
/home/mattias/pascal/wichtig/lazarus/ide/packages/idehelputils/idecontexthelpedit.pas(95,46) Hint: (5024) Parameter "Sender" not used
/home/mattias/pascal/wichtig/lazarus/ide/packages/idehelputils/idecontexthelpedit.pas(96,45) Hint: (5024) Parameter "Sender" not used
/home/mattias/pascal/wichtig/lazarus/ide/packages/idehelputils/idecontexthelpedit.pas(97,39) Hint: (5024) Parameter "Sender" not used
/home/mattias/pascal/wichtig/lazarus/ide/packages/idehelputils/idecontexthelpedit.pas(98,39) Hint: (5024) Parameter "Sender" not used
/home/mattias/pascal/wichtig/lazarus/ide/packages/idehelputils/idecontexthelpedit.pas(99,29) Hint: (5024) Parameter "Sender" not used
/home/mattias/pascal/wichtig/lazarus/ide/packages/idehelputils/idecontexthelpedit.pas(100,42) Hint: (5024) Parameter "Sender" not used
/home/mattias/pascal/wichtig/lazarus/ide/packages/idehelputils/idecontexthelpedit.pas(101,45) Hint: (5024) Parameter "Sender" not used
/home/mattias/pascal/wichtig/lazarus/ide/packages/idehelputils/idecontexthelpedit.pas(102,31) Hint: (5024) Parameter "Sender" not used
/home/mattias/pascal/wichtig/lazarus/ide/packages/idehelputils/idecontexthelpedit.pas(64,22) Hint: (5024) Parameter "Sender" not used
/home/mattias/pascal/wichtig/lazarus/ide/packages/idehelputils/idecontexthelpedit.pas(64,48) Hint: (5024) Parameter "Done" not used
(3104) Compiling fpdoceditwindow.pas
/home/mattias/pascal/wichtig/lazarus/ide/packages/idehelputils/fpdoceditwindow.pas(260,38) Warning: (5063) Symbol "TextViewsManager" is experimental
/home/mattias/pascal/wichtig/lazarus/ide/packages/idehelputils/fpdoceditwindow.pas(130,26) Hint: (5024) Parameter "Sender" not used
/home/mattias/pascal/wichtig/lazarus/ide/packages/idehelputils/fpdoceditwindow.pas(131,27) Hint: (5024) Parameter "Sender" not used
/home/mattias/pascal/wichtig/lazarus/ide/packages/idehelputils/fpdoceditwindow.pas(132,27) Hint: (5024) Parameter "Sender" not used
/home/mattias/pascal/wichtig/lazarus/ide/packages/idehelputils/fpdoceditwindow.pas(133,24) Hint: (5024) Parameter "Sender" not used
/home/mattias/pascal/wichtig/lazarus/ide/packages/idehelputils/fpdoceditwindow.pas(134,42) Hint: (5024) Parameter "Sender" not used
/home/mattias/pascal/wichtig/lazarus/ide/packages/idehelputils/fpdoceditwindow.pas(135,30) Hint: (5024) Parameter "Sender" not used
/home/mattias/pascal/wichtig/lazarus/ide/packages/idehelputils/fpdoceditwindow.pas(121,31) Hint: (5024) Parameter "Sender" not used
/home/mattias/pascal/wichtig/lazarus/ide/packages/idehelputils/fpdoceditwindow.pas(136,42) Hint: (5024) Parameter "Sender" not used
/home/mattias/pascal/wichtig/lazarus/ide/packages/idehelputils/fpdoceditwindow.pas(138,34) Hint: (5024) Parameter "Sender" not used
/home/mattias/pascal/wichtig/lazarus/ide/packages/idehelputils/fpdoceditwindow.pas(139,33) Hint: (5024) Parameter "Sender" not used
/home/mattias/pascal/wichtig/lazarus/ide/packages/idehelputils/fpdoceditwindow.pas(140,31) Hint: (5024) Parameter "Sender" not used
/home/mattias/pascal/wichtig/lazarus/ide/packages/idehelputils/fpdoceditwindow.pas(141,36) Hint: (5024) Parameter "Sender" not used
/home/mattias/pascal/wichtig/lazarus/ide/packages/idehelputils/fpdoceditwindow.pas(144,39) Hint: (5024) Parameter "Sender" not used
/home/mattias/pascal/wichtig/lazarus/ide/packages/idehelputils/fpdoceditwindow.pas(145,33) Hint: (5024) Parameter "Sender" not used
/home/mattias/pascal/wichtig/lazarus/ide/packages/idehelputils/fpdoceditwindow.pas(175,31) Hint: (5024) Parameter "Sender" not used
/home/mattias/pascal/wichtig/lazarus/ide/packages/idehelputils/fpdoceditwindow.pas(176,30) Hint: (5024) Parameter "Sender" not used
/home/mattias/pascal/wichtig/lazarus/ide/packages/idehelputils/fpdoceditwindow.pas(188,30) Hint: (5024) Parameter "Sender" not used
/home/mattias/pascal/wichtig/lazarus/ide/packages/idehelputils/fpdoceditwindow.pas(189,31) Hint: (5024) Parameter "Sender" not used
/home/mattias/pascal/wichtig/lazarus/ide/packages/idehelputils/fpdoceditwindow.pas(127,35) Hint: (5024) Parameter "Sender" not used
/home/mattias/pascal/wichtig/lazarus/ide/packages/idehelputils/fpdoceditwindow.pas(128,33) Hint: (5024) Parameter "Sender" not used
/home/mattias/pascal/wichtig/lazarus/ide/packages/idehelputils/fpdoceditwindow.pas(120,45) Hint: (5024) Parameter "Sender" not used
/home/mattias/pascal/wichtig/lazarus/ide/packages/idehelputils/fpdoceditwindow.pas(122,40) Hint: (5024) Parameter "Sender" not used
/home/mattias/pascal/wichtig/lazarus/ide/packages/idehelputils/fpdoceditwindow.pas(123,44) Hint: (5024) Parameter "Sender" not used
/home/mattias/pascal/wichtig/lazarus/ide/packages/idehelputils/fpdoceditwindow.pas(124,45) Hint: (5024) Parameter "Sender" not used
/home/mattias/pascal/wichtig/lazarus/ide/packages/idehelputils/fpdoceditwindow.pas(125,33) Hint: (5024) Parameter "Sender" not used
/home/mattias/pascal/wichtig/lazarus/ide/packages/idehelputils/fpdoceditwindow.pas(126,34) Hint: (5024) Parameter "Sender" not used
/home/mattias/pascal/wichtig/lazarus/ide/packages/idehelputils/idehelputils.pas(11,3) Hint: (5023) Unit "CodeHelp" not used in IdeHelpUtils
/home/mattias/pascal/wichtig/lazarus/ide/packages/idehelputils/idehelputils.pas(11,13) Hint: (5023) Unit "IdeHelpUtilStrings" not used in IdeHelpUtils
/home/mattias/pascal/wichtig/lazarus/ide/packages/idehelputils/idehelputils.pas(11,33) Hint: (5023) Unit "SrcEditHintFrm" not used in IdeHelpUtils
/home/mattias/pascal/wichtig/lazarus/ide/packages/idehelputils/idehelputils.pas(11,49) Hint: (5023) Unit "FPDocHints" not used in IdeHelpUtils
/home/mattias/pascal/wichtig/lazarus/ide/packages/idehelputils/idehelputils.pas(11,61) Hint: (5023) Unit "FPDocSelectInherited" not used in IdeHelpUtils
/home/mattias/pascal/wichtig/lazarus/ide/packages/idehelputils/idehelputils.pas(12,3) Hint: (5023) Unit "FPDocSelectLink" not used in IdeHelpUtils
/home/mattias/pascal/wichtig/lazarus/ide/packages/idehelputils/idehelputils.pas(12,20) Hint: (5023) Unit "IDEContextHelpEdit" not used in IdeHelpUtils
Hint: (11030) Start of reading config file /home/mattias/.fpc.cfg
Hint: (11030) Start of reading config file /etc/fpc.cfg
Hint: (11031) End of reading config file /etc/fpc.cfg
Hint: (11031) End of reading config file /home/mattias/.fpc.cfg
Free Pascal Compiler version 3.2.4-rc1 [2025/04/09] for x86_64
Copyright (c) 1993-2024 by Florian Klaempfl and others
(1002) Target OS: Linux for x86-64
(3104) Compiling lazdebuggerlldb.pas
(1008) 22 lines compiled, 0.2 sec
(1022) 4 hint(s) issued
Info: (lazarus) Execute Title="Compile package LazDebuggerFpLldb 0.0"
Info: (lazarus) Working Directory="/home/mattias/pascal/wichtig/lazarus/components/lazdebuggers/lazdebuggerfplldb/"
Info: (lazarus) Executable="/usr/lib/fpc/3.2.4/ppcx64"
Info: (lazarus) Param[0]="-MObjFPC"
Info: (lazarus) Param[1]="-Scghi"
Info: (lazarus) Param[2]="-Cg"
Info: (lazarus) Param[3]="-O1"
Info: (lazarus) Param[4]="-g"
Info: (lazarus) Param[5]="-gl"
Info: (lazarus) Param[6]="-l"
Info: (lazarus) Param[7]="-vewnhibq"
Info: (lazarus) Param[8]="-Fu/home/mattias/pascal/wichtig/lazarus/components/lazdebuggers/lazdebuggerfplldb/"
Info: (lazarus) Param[9]="-Fu/home/mattias/pascal/wichtig/lazarus/packager/units/x86_64-linux"
Info: (lazarus) Param[10]="-Fu/home/mattias/pascal/wichtig/lazarus/components/lazutils/lib/x86_64-linux"
Info: (lazarus) Param[11]="-Fu/home/mattias/pascal/wichtig/lazarus/components/buildintf/units/x86_64-linux"
Info: (lazarus) Param[12]="-Fu/home/mattias/pascal/wichtig/lazarus/components/freetype/lib/x86_64-linux"
Info: (lazarus) Param[13]="-Fu/home/mattias/pascal/wichtig/lazarus/components/lazdebuggers/lazdebuggerintf/lib/x86_64-linux"
Info: (lazarus) Param[14]="-Fu/home/mattias/pascal/wichtig/lazarus/components/debuggerintf/lib/x86_64-linux"
Info: (lazarus) Param[15]="-Fu/home/mattias/pascal/wichtig/lazarus/lcl/units/x86_64-linux"
Info: (lazarus) Param[16]="-Fu/home/mattias/pascal/wichtig/lazarus/components/fpdebug/lib/x86_64-linux"
Info: (lazarus) Param[17]="-Fu/home/mattias/pascal/wichtig/lazarus/components/lazedit/lib/x86_64-linux"
Info: (lazarus) Param[18]="-Fu/home/mattias/pascal/wichtig/lazarus/lcl/units/x86_64-linux/gtk2"
Info: (lazarus) Param[19]="-Fu/home/mattias/pascal/wichtig/lazarus/components/lazcontrols/lib/x86_64-linux/gtk2"
Info: (lazarus) Param[20]="-Fu/home/mattias/pascal/wichtig/lazarus/components/ideintf/units/x86_64-linux/gtk2"
Info: (lazarus) Param[21]="-Fu/home/mattias/pascal/wichtig/lazarus/components/lazdebuggers/cmdlinedebuggerbase/lib/x86_64-linux/gtk2"
Info: (lazarus) Param[22]="-Fu/home/mattias/pascal/wichtig/lazarus/components/lazdebuggers/lazdebuggerlldb/lib/x86_64-linux/gtk2"
Info: (lazarus) Param[23]="-FU/home/mattias/pascal/wichtig/lazarus/components/lazdebuggers/lazdebuggerfplldb/lib/x86_64-linux/gtk2/"
Info: (lazarus) Param[24]="-dLCL"
Info: (lazarus) Param[25]="-dLCLgtk2"
Info: (lazarus) Param[26]="lazdebuggerfplldb.pas"
Hint: (11030) Start of reading config file /home/mattias/.fpc.cfg
Hint: (11030) Start of reading config file /etc/fpc.cfg
Hint: (11031) End of reading config file /etc/fpc.cfg
Hint: (11031) End of reading config file /home/mattias/.fpc.cfg
/home/mattias/pascal/wichtig/lazarus/ide/packages/idehelputils/idehelputils.pas(12,55) Hint: (5023) Unit "FPDocEditWindow" not used in IdeHelpUtils
(1008) 7870 lines compiled, 1.4 sec
(1021) 4 warning(s) issued
(1022) 81 hint(s) issued
Hint: (11030) Start of reading config file /home/mattias/.fpc.cfg
Hint: (11030) Start of reading config file /etc/fpc.cfg
Hint: (11031) End of reading config file /etc/fpc.cfg
Hint: (11031) End of reading config file /home/mattias/.fpc.cfg
Free Pascal Compiler version 3.2.4-rc1 [2025/04/09] for x86_64
Copyright (c) 1993-2024 by Florian Klaempfl and others
(1002) Target OS: Linux for x86-64
(3104) Compiling lazdebuggergdbmi.pas
(1008) 26 lines compiled, 0.8 sec
(1022) 4 hint(s) issued
Free Pascal Compiler version 3.2.4-rc1 [2025/04/09] for x86_64
Copyright (c) 1993-2024 by Florian Klaempfl and others
(1002) Target OS: Linux for x86-64
(3104) Compiling lazdebuggerfp.pas
(1008) 25 lines compiled, 0.8 sec
(1022) 4 hint(s) issued
Info: (lazarus) Execute Title="Compile package IdeDebugger 0.0.1"
Info: (lazarus) Working Directory="/home/mattias/pascal/wichtig/lazarus/ide/packages/idedebugger/"
Info: (lazarus) Executable="/usr/lib/fpc/3.2.4/ppcx64"
Info: (lazarus) Param[0]="-MObjFPC"
Info: (lazarus) Param[1]="-Scghi"
Info: (lazarus) Param[2]="-Cg"
Info: (lazarus) Param[3]="-O1"
Info: (lazarus) Param[4]="-g"
Info: (lazarus) Param[5]="-gl"
Info: (lazarus) Param[6]="-l"
Info: (lazarus) Param[7]="-vewnhibq"
Info: (lazarus) Param[8]="-vm6058,5024,3123"
Info: (lazarus) Param[9]="-Fu/home/mattias/pascal/wichtig/lazarus/ide/packages/idedebugger/"
Info: (lazarus) Param[10]="-Fu/home/mattias/pascal/wichtig/lazarus/ide/packages/idedebugger/frames"
Info: (lazarus) Param[11]="-Fu/home/mattias/pascal/wichtig/lazarus/packager/units/x86_64-linux"
Info: (lazarus) Param[12]="-Fu/home/mattias/pascal/wichtig/lazarus/components/lazutils/lib/x86_64-linux"
Info: (lazarus) Param[13]="-Fu/home/mattias/pascal/wichtig/lazarus/components/buildintf/units/x86_64-linux"
Info: (lazarus) Param[14]="-Fu/home/mattias/pascal/wichtig/lazarus/components/codetools/units/x86_64-linux"
Info: (lazarus) Param[15]="-Fu/home/mattias/pascal/wichtig/lazarus/components/freetype/lib/x86_64-linux"
Info: (lazarus) Param[16]="-Fu/home/mattias/pascal/wichtig/lazarus/components/lazdebuggers/lazdebuggerintf/lib/x86_64-linux"
Info: (lazarus) Param[17]="-Fu/home/mattias/pascal/wichtig/lazarus/components/debuggerintf/lib/x86_64-linux"
Info: (lazarus) Param[18]="-Fu/home/mattias/pascal/wichtig/lazarus/lcl/units/x86_64-linux"
Info: (lazarus) Param[19]="-Fu/home/mattias/pascal/wichtig/lazarus/components/fpdebug/lib/x86_64-linux"
Info: (lazarus) Param[20]="-Fu/home/mattias/pascal/wichtig/lazarus/ide/packages/ideconfig/lib/x86_64-linux"
Info: (lazarus) Param[21]="-Fu/home/mattias/pascal/wichtig/lazarus/components/lazedit/lib/x86_64-linux"
Info: (lazarus) Param[22]="-Fu/home/mattias/pascal/wichtig/lazarus/lcl/units/x86_64-linux/gtk2"
Info: (lazarus) Param[23]="-Fu/home/mattias/pascal/wichtig/lazarus/ide/packages/idepackager/lib/x86_64-linux"
Info: (lazarus) Param[24]="-Fu/home/mattias/pascal/wichtig/lazarus/components/lazcontrols/lib/x86_64-linux/gtk2"
Info: (lazarus) Param[25]="-Fu/home/mattias/pascal/wichtig/lazarus/components/lclextensions/lib/x86_64-linux-gtk2"
Info: (lazarus) Param[26]="-Fu/home/mattias/pascal/wichtig/lazarus/components/synedit/units/x86_64-linux/gtk2"
Info: (lazarus) Param[27]="-Fu/home/mattias/pascal/wichtig/lazarus/components/ideintf/units/x86_64-linux/gtk2"
Info: (lazarus) Param[28]="-Fu/home/mattias/pascal/wichtig/lazarus/ide/packages/ideproject/lib/x86_64-linux"
Info: (lazarus) Param[29]="-Fu/home/mattias/pascal/wichtig/lazarus/components/lazdebuggers/cmdlinedebuggerbase/lib/x86_64-linux/gtk2"
Info: (lazarus) Param[30]="-Fu/home/mattias/pascal/wichtig/lazarus/ide/packages/idehelputils/lib/x86_64-linux"
Info: (lazarus) Param[31]="-Fu/home/mattias/pascal/wichtig/lazarus/ide/packages/ideutils/lib/x86_64-linux/gtk2"
Info: (lazarus) Param[32]="-Fu/home/mattias/pascal/wichtig/lazarus/components/virtualtreeview/lib/x86_64-linux-gtk2"
Info: (lazarus) Param[33]="-Fu/home/mattias/pascal/wichtig/lazarus/components/lazcontrols/design/lib/x86_64-linux/gtk2"
Info: (lazarus) Param[34]="-Fu/home/mattias/pascal/wichtig/lazarus/components/lazdebuggers/lazdebuggerfp/lib/x86_64-linux/gtk2"
Info: (lazarus) Param[35]="-Fu/home/mattias/pascal/wichtig/lazarus/components/lazdebuggergdbmi/units/x86_64-linux/gtk2"
Info: (lazarus) Param[36]="-FU/home/mattias/pascal/wichtig/lazarus/ide/packages/idedebugger/lib/x86_64-linux/gtk2/"
Info: (lazarus) Param[37]="-dLCL"
Info: (lazarus) Param[38]="-dLCLgtk2"
Info: (lazarus) Param[39]="idedebuggerpackage.pas"
Free Pascal Compiler version 3.2.4-rc1 [2025/04/09] for x86_64
Copyright (c) 1993-2024 by Florian Klaempfl and others
(1002) Target OS: Linux for x86-64
(3104) Compiling lazdebuggerfplldb.pas
(1008) 22 lines compiled, 0.7 sec
(1022) 4 hint(s) issued
Hint: (11030) Start of reading config file /home/mattias/.fpc.cfg
Hint: (11030) Start of reading config file /etc/fpc.cfg
Hint: (11031) End of reading config file /etc/fpc.cfg
Hint: (11031) End of reading config file /home/mattias/.fpc.cfg
Free Pascal Compiler version 3.2.4-rc1 [2025/04/09] for x86_64
Copyright (c) 1993-2024 by Florian Klaempfl and others
(1002) Target OS: Linux for x86-64
(3104) Compiling idedebuggerpackage.pas
(1008) 44 lines compiled, 1.3 sec
(1022) 4 hint(s) issued
Note: (lazarus) deleted backup "/home/mattias/pascal/wichtig/lazarus/lazarus.old"
Note: (lazarus) renamed file "/home/mattias/pascal/wichtig/lazarus/lazarus" to "/home/mattias/pascal/wichtig/lazarus/lazarus.old"
Info: (lazarus) Going to retrieve revision for source directory: /home/mattias/pascal/wichtig/lazarus/
Info: (lazarus) Execute Title="Build IDE"
Info: (lazarus) Working Directory="/home/mattias/pascal/wichtig/lazarus/"
Info: (lazarus) Executable="/usr/lib/fpc/3.2.4/ppcx64"
Info: (lazarus) Param[0]="@/home/mattias/pascal/wichtig/lazarus/config/idemake.cfg"
Info: (lazarus) Param[1]="-Fiide/include"
Info: (lazarus) Param[2]="-Fudesigner"
Info: (lazarus) Param[3]="-Fupackager"
Info: (lazarus) Param[4]="-Fupackager/frames"
Info: (lazarus) Param[5]="-Fudebugger"
Info: (lazarus) Param[6]="-Fudebugger/frames"
Info: (lazarus) Param[7]="-Fuconverter"
Info: (lazarus) Param[8]="-Fuide/frames"
Info: (lazarus) Param[9]="-Fuide"
Info: (lazarus) Param[10]="ide/lazarus.pp"
Info: (lazarus) Param[11]="-o/home/mattias/pascal/wichtig/lazarus/lazarus"
Info: (lazarus) Env[0]="LCL_PLATFORM=gtk2"
Info: (lazarus) Env[1]="LANG=en_US.UTF-8"
Info: (lazarus) Env[2]="PP=/usr/lib/fpc/3.2.4/ppcx64"
Free Pascal Compiler version 3.2.4-rc1 [2025/04/09] for x86_64
Copyright (c) 1993-2024 by Florian Klaempfl and others
(1002) Target OS: Linux for x86-64
(3104) Compiling ide/lazarus.pp
(9022) Compiling resource /home/mattias/pascal/wichtig/lazarus/units/x86_64-linux/gtk2/lazarus.or
(9015) Linking /home/mattias/pascal/wichtig/lazarus/lazarus
(1008) 244 lines compiled, 5.0 sec
